Index,HourType,LongAcc,LatAcc,Speed
0,Rush Hour,0.002038736,0,20.94
1,Rush Hour,-0.002038736,0,20.92
2,Rush Hour,-0.003058104,0,20.92
3,Rush Hour,-0.003058104,0,20.92
4,Rush Hour,-0.002038736,0,20.92
5,Rush Hour,-0.002038736,0,20.92
6,Rush Hour,0.002038736,0,20.94
7,Rush Hour,0.00509684,0,21.04
8,Rush Hour,0.01529052,0,21.02
9,Rush Hour,0.011213048,0,21.02
10,Rush Hour,0.008154944,0,21.06
11,Rush Hour,0.012232416,0,21.06
12,Rush Hour,0.012232416,0,21.06
13,Rush Hour,0.049949032,0,11.04
14,Rush Hour,0.04587156,0,11.14
15,Rush Hour,0.067278287,0,11.34
16,Rush Hour,0.065239551,0,11.32
17,Rush Hour,0.054026504,0,11.32
18,Rush Hour,0.04077472,0,11.3
19,Rush Hour,0.002038736,0,11.28
20,Rush Hour,0.017329256,0,11.44
21,Rush Hour,0.023445464,0,11.44
22,Rush Hour,0.027522936,0,11.48
23,Rush Hour,0.024464832,0,11.48
24,Rush Hour,0.036697248,0,11.58
25,Rush Hour,0.012232416,0,21.08
26,Rush Hour,0.013251784,0,21.08
27,Rush Hour,0.013251784,0,21.08
28,Rush Hour,0.011213048,0,21.1
29,Rush Hour,0.011213048,0,21.1
30,Rush Hour,0.012232416,0,21.1
31,Rush Hour,0.011213048,0,21.1
32,Rush Hour,0.007135576,0,21.1
33,Rush Hour,0.00509684,0,21.16
34,Rush Hour,0.00509684,0,21.16
35,Rush Hour,0.013251784,0,21.16
36,Rush Hour,0.013251784,0,21.16
37,Rush Hour,0.01529052,0,21.16
38,Rush Hour,0.013251784,0,21.16
39,Rush Hour,0.01019368,0,21.2
40,Rush Hour,0.012232416,0,21.2
41,Rush Hour,0.012232416,0,21.2
42,Rush Hour,0.01019368,0,21.24
43,Rush Hour,0.01019368,0,21.24
44,Rush Hour,0.01529052,0,21.24
45,Rush Hour,0.01529052,0,21.24
46,Rush Hour,0.01529052,0,21.26
47,Rush Hour,0.01529052,0,21.26
48,Rush Hour,0.012232416,0,21.3
49,Rush Hour,0.012232416,0,21.3
50,Rush Hour,0.01529052,0,21.3
51,Rush Hour,0.01529052,0,21.3
52,Rush Hour,0.013251784,0,21.32
53,Rush Hour,0.013251784,0,21.34
54,Rush Hour,0.01529052,0,21.34
55,Rush Hour,0.01529052,0,21.34
56,Rush Hour,0.01529052,0,21.34
57,Rush Hour,0.013251784,0,21.36
58,Rush Hour,0.013251784,0,21.36
59,Rush Hour,0.011213048,0,21.38
60,Rush Hour,0.018348624,0,21.5
61,Rush Hour,0.024464832,0,21.5
62,Rush Hour,0.022426096,0,21.54
63,Rush Hour,0.026503568,0,21.54
64,Rush Hour,0.006116208,0,21.58
65,Rush Hour,0.016309888,0,21.58
66,Rush Hour,0.02038736,0,21.62
67,Rush Hour,0.0254842,0,21.68
68,Rush Hour,0.023445464,0,21.7
69,Rush Hour,0.066258919,0.018348624,27.12
70,Rush Hour,0.066258919,0.018348624,27.12
71,Rush Hour,0.059123344,-0.003058104,27.18
72,Rush Hour,0.059123344,-0.003058104,27.18
73,Rush Hour,0.037716616,0.002038736,27.18
74,Rush Hour,0.037716616,0.002038736,27.18
75,Rush Hour,0.048929664,0.01529052,27.2
76,Rush Hour,0.048929664,0.01529052,27.2
77,Rush Hour,-0.013251784,0.034658512,26.86
78,Rush Hour,-0.013251784,0.034658512,26.86
79,Rush Hour,0.091743119,0.055045872,26.88
80,Rush Hour,0.091743119,0.055045872,26.88
81,Rush Hour,0.107033639,0.073394495,26.96
82,Rush Hour,0.107033639,0.073394495,26.96
83,Rush Hour,0.077471967,0.06116208,26.98
84,Rush Hour,0.077471967,0.06116208,26.98
85,Rush Hour,0.033639144,0.042813456,26.98
86,Rush Hour,0.033639144,0.042813456,26.98
87,Rush Hour,0.064220183,0.06116208,27.02
88,Rush Hour,0.097859327,0.037716616,27.48
89,Rush Hour,0.059123344,0.037716616,27.7
90,Rush Hour,0.041794088,0.036697248,27.74
91,Rush Hour,0.041794088,0.036697248,27.74
92,Rush Hour,0.055045872,0.01529052,27.76
93,Rush Hour,0.06116208,0.024464832,27.8
94,Rush Hour,0.05606524,0.077471967,27.7
95,Rush Hour,0.033639144,0.06116208,27.72
96,Rush Hour,0.042813456,0.041794088,27.74
97,Rush Hour,0.049949032,0.034658512,27.76
98,Rush Hour,0.04587156,0.048929664,27.78
99,Rush Hour,0.076452599,0.063200815,27.94
100,Rush Hour,0.054026504,0.055045872,28
101,Rush Hour,0.033639144,0.03567788,28.02
102,Rush Hour,0.044852192,0.03058104,28.04
103,Rush Hour,0.063200815,0.049949032,28.08
104,Rush Hour,0.044852192,0.053007136,28.1
105,Rush Hour,0.03058104,0.023445464,28.12
106,Rush Hour,0.0509684,0.023445464,28.14
107,Rush Hour,0.072375127,0.042813456,28.34
108,Rush Hour,0.073394495,0.03567788,28.4
109,Rush Hour,0.024464832,0.026503568,28.42
110,Rush Hour,0.054026504,0.027522936,28.44
111,Rush Hour,0.041794088,0.04587156,28.26
112,Rush Hour,0.054026504,0.034658512,28.3
113,Rush Hour,0.049949032,0.047910296,28.32
114,Rush Hour,0.029561672,0.042813456,28.34
115,Rush Hour,0.028542304,0.018348624,28.42
116,Rush Hour,0.011213048,0.042813456,28.32
117,Rush Hour,0.024464832,0.049949032,28.34
118,Rush Hour,0.037716616,0.041794088,28.38
119,Rush Hour,0.032619776,0.028542304,28.4
120,Rush Hour,0.033639144,0.014271152,28.42
121,Rush Hour,0.027522936,0,23.88
122,Rush Hour,0.009174312,0,24
123,Rush Hour,0.027522936,0,24.06
124,Rush Hour,0.006116208,0,23.98
125,Rush Hour,0.006116208,0,23.98
126,Rush Hour,0.01529052,0,24.06
127,Rush Hour,0.0254842,0,24.12
128,Rush Hour,0.0254842,0,24.12
129,Rush Hour,0.01529052,0,24.04
130,Rush Hour,0.01529052,0,24.04
131,Rush Hour,0.017329256,0,24.1
132,Rush Hour,0.017329256,0,24.1
133,Rush Hour,0.0254842,0,24.18
134,Rush Hour,0.0254842,0,24.18
135,Rush Hour,0.034658512,0,24.24
136,Rush Hour,0.034658512,0,24.24
137,Rush Hour,0.01529052,0,24.18
138,Rush Hour,0.01529052,0,24.18
139,Rush Hour,0.02038736,0,24.24
140,Rush Hour,0.02038736,0,24.24
141,Rush Hour,0.013251784,0,24.2
142,Rush Hour,0.013251784,0,24.2
143,Rush Hour,0.01529052,0,24.26
144,Rush Hour,0.01529052,0,24.26
145,Rush Hour,0.01529052,0,24.26
146,Rush Hour,0.023445464,0,25.48
147,Rush Hour,0.023445464,0,25.56
148,Rush Hour,0.031600408,0,25.62
149,Rush Hour,0.037716616,0,25.68
150,Rush Hour,0.037716616,0,25.68
151,Rush Hour,0.014271152,0,25.56
152,Rush Hour,0.014271152,0,25.56
153,Rush Hour,0.018348624,0,25.64
154,Rush Hour,0.018348624,0,25.64
155,Rush Hour,0.0254842,0,25.7
156,Rush Hour,0.0254842,0,25.7
157,Rush Hour,0.033639144,0,25.76
158,Rush Hour,0.033639144,0,25.76
159,Rush Hour,0.021406728,0,25.7
160,Rush Hour,0.021406728,0,25.7
161,Rush Hour,0.026503568,0,25.78
162,Rush Hour,0.026503568,0,25.78
163,Rush Hour,0.022426096,0,25.8
164,Rush Hour,0.022426096,0,25.94
165,Rush Hour,0.029561672,0,26.02
166,Rush Hour,0.016309888,0,26.02
167,Rush Hour,0.023445464,0,26.08
168,Rush Hour,0.012232416,0,26.64
169,Rush Hour,0.002038736,0,26.68
170,Rush Hour,0.004077472,0,26.7
171,Rush Hour,0.01019368,0,26.74
172,Rush Hour,0.014271152,0,26.6
173,Rush Hour,0.014271152,0,26.6
174,Rush Hour,-0.007135576,0,26.64
175,Rush Hour,-0.007135576,0,26.64
176,Rush Hour,-0.007135576,0,26.68
177,Rush Hour,-0.007135576,0,26.68
178,Rush Hour,0.008154944,0,26.64
179,Rush Hour,0.008154944,0,26.64
180,Rush Hour,0.004077472,0,26.74
181,Rush Hour,0.001019368,0,26.66
182,Rush Hour,0.004077472,0,26.72
183,Rush Hour,0.011213048,0,24.34
184,Rush Hour,0.014271152,0,24.38
185,Rush Hour,0.021406728,0,24.38
186,Rush Hour,0.01529052,0,24.42
187,Rush Hour,0.02038736,0,24.48
188,Rush Hour,0.02038736,0,24.48
189,Rush Hour,0.016309888,0,24.54
190,Rush Hour,0.016309888,0,24.54
191,Rush Hour,0.028542304,0,24.62
192,Rush Hour,0.028542304,0,24.62
193,Rush Hour,0.027522936,0,24.62
194,Rush Hour,0.031600408,0,24.68
195,Rush Hour,0.028542304,0,24.68
196,Rush Hour,0.032619776,0,24.74
197,Rush Hour,0.037716616,0,24.8
198,Rush Hour,0.037716616,0,24.86
199,Rush Hour,0.037716616,0,24.86
200,Rush Hour,0.03058104,0,24.86
201,Rush Hour,0.03058104,0,24.86
202,Rush Hour,0.021406728,0,26.08
203,Rush Hour,0.022426096,0,26.14
204,Rush Hour,0.027522936,0,26.2
205,Rush Hour,0.028542304,0,26.22
206,Rush Hour,0.03058104,0,26.28
207,Rush Hour,0.024464832,0,26.26
208,Rush Hour,0.023445464,0,26.32
209,Rush Hour,0.023445464,0,26.32
210,Rush Hour,0.028542304,0,26.38
211,Rush Hour,0.028542304,0,26.38
212,Rush Hour,0.034658512,0,26.44
213,Rush Hour,0.026503568,0,26.4
214,Rush Hour,0.027522936,0,26.46
215,Rush Hour,0.03058104,0,26.5
216,Rush Hour,0.03058104,0,26.5
217,Rush Hour,0.03567788,0,26.56
218,Rush Hour,0.026503568,0,26.52
219,Rush Hour,0.0254842,0,26.56
220,Rush Hour,0.0254842,0,26.58
221,Rush Hour,0.0254842,0,26.58
222,Rush Hour,0.002038736,0,26.74
223,Rush Hour,-0.006116208,0,26.74
224,Rush Hour,-0.003058104,0,26.68
225,Rush Hour,-0.009174312,0,26.7
226,Rush Hour,-0.007135576,0,26.7
227,Rush Hour,-0.00509684,0,26.62
228,Rush Hour,-0.014271152,0,26.62
229,Rush Hour,-0.014271152,0,26.62
230,Rush Hour,-0.014271152,0,26.62
231,Rush Hour,-0.01529052,0,26.62
232,Rush Hour,-0.013251784,0,26.64
233,Rush Hour,-0.013251784,0,26.64
234,Rush Hour,-0.008154944,0,26.58
235,Rush Hour,-0.014271152,0,26.6
236,Rush Hour,-0.014271152,0,26.6
237,Rush Hour,-0.01019368,0,26.62
238,Rush Hour,-0.01019368,0,26.62
239,Rush Hour,-0.00509684,0,26.62
240,Rush Hour,-0.00509684,0,26.62
241,Rush Hour,-0.002038736,0,26.56
242,Rush Hour,-0.002038736,0,26.56
243,Rush Hour,0.036697248,0,24.98
244,Rush Hour,0.041794088,0,25.04
245,Rush Hour,0.03058104,0,24.98
246,Rush Hour,0.03058104,0,24.98
247,Rush Hour,0.021406728,0,25.04
248,Rush Hour,0.021406728,0,25.04
249,Rush Hour,0.031600408,0,25.1
250,Rush Hour,0.031600408,0,25.1
251,Rush Hour,0.031600408,0,25.16
252,Rush Hour,0.031600408,0,25.16
253,Rush Hour,0.027522936,0,25.12
254,Rush Hour,0.031600408,0,25.18
255,Rush Hour,0.037716616,0,25.24
256,Rush Hour,0.042813456,0,25.28
257,Rush Hour,0.028542304,0,25.22
258,Rush Hour,0.027522936,0,25.28
259,Rush Hour,0.03567788,0,25.38
260,Non Rush Hour,0.00509684,0,24.08
261,Non Rush Hour,0.00509684,0,24.08
262,Non Rush Hour,0.013251784,0,24.14
263,Non Rush Hour,0.013251784,0,24.14
264,Non Rush Hour,0.022426096,0,24.06
265,Non Rush Hour,0.022426096,0,24.06
266,Non Rush Hour,0.012232416,0,24.12
267,Non Rush Hour,0.012232416,0,24.12
268,Non Rush Hour,0.038735984,0,24.42
269,Non Rush Hour,0.044852192,0,24.56
270,Non Rush Hour,0.031600408,0,24.68
271,Non Rush Hour,0.022426096,0,25.48
272,Non Rush Hour,0.027522936,0,25.5
273,Non Rush Hour,0.027522936,0,25.5
274,Non Rush Hour,0.028542304,0,25.52
275,Non Rush Hour,0.028542304,0,25.52
276,Non Rush Hour,0.027522936,0,25.54
277,Non Rush Hour,0.027522936,0,25.54
278,Non Rush Hour,0.023445464,0,25.54
279,Non Rush Hour,0.023445464,0,25.54
280,Non Rush Hour,0.018348624,0,25.56
281,Non Rush Hour,0.018348624,0,25.56
282,Non Rush Hour,0.01529052,0,25.56
283,Non Rush Hour,0.013251784,0,25.62
284,Non Rush Hour,0.011213048,0,25.64
285,Non Rush Hour,0.013251784,0,25.66
286,Non Rush Hour,0.013251784,0,25.66
287,Non Rush Hour,0.013251784,0,25.66
288,Non Rush Hour,0.012232416,0,25.68
289,Non Rush Hour,0.014271152,0,25.72
290,Non Rush Hour,0.063200815,0,27.62
291,Non Rush Hour,0.055045872,0,27.86
292,Non Rush Hour,0.064220183,0,27.98
293,Non Rush Hour,0.06116208,0,28.04
294,Non Rush Hour,0.06116208,0,28.14
295,Non Rush Hour,0.068297655,0,28.26
296,Non Rush Hour,0.065239551,0,28.48
297,Non Rush Hour,0.065239551,0,28.48
298,Non Rush Hour,0.073394495,0,28.44
299,Non Rush Hour,0.059123344,0,28.54
300,Non Rush Hour,0.059123344,0,28.54
301,Non Rush Hour,0.06116208,0,28.66
302,Non Rush Hour,0.06116208,0,28.66
303,Non Rush Hour,0.076452599,0,28.76
304,Non Rush Hour,0.076452599,0,28.76
305,Non Rush Hour,0.042813456,0,24.68
306,Non Rush Hour,0.042813456,0,24.68
307,Non Rush Hour,0.027522936,0,24.74
308,Non Rush Hour,0.027522936,0,24.74
309,Non Rush Hour,0.026503568,0,24.8
310,Non Rush Hour,0.031600408,0,24.86
311,Non Rush Hour,0.037716616,0,24.78
312,Non Rush Hour,0.024464832,0,24.86
313,Non Rush Hour,0.0254842,0,24.92
314,Non Rush Hour,0.03058104,0,24.96
315,Non Rush Hour,0.03058104,0,24.96
316,Non Rush Hour,0.01529052,0,25.74
317,Non Rush Hour,0.01529052,0,25.74
318,Non Rush Hour,0.014271152,0,25.76
319,Non Rush Hour,0.014271152,0,25.76
320,Non Rush Hour,0.01529052,0,25.76
321,Non Rush Hour,0.01529052,0,25.76
322,Non Rush Hour,0.01529052,0,25.76
323,Non Rush Hour,0.013251784,0,25.78
324,Non Rush Hour,0.019367992,0,25.84
325,Non Rush Hour,0.019367992,0,25.84
326,Non Rush Hour,0.019367992,0,25.84
327,Non Rush Hour,0.017329256,0,25.9
328,Non Rush Hour,0.02038736,0,25.92
329,Non Rush Hour,0.02038736,0,25.92
330,Non Rush Hour,0.018348624,0,25.94
331,Non Rush Hour,0.024464832,0,25.98
332,Non Rush Hour,0.024464832,0,25.98
333,Non Rush Hour,0.01019368,0,25.96
334,Non Rush Hour,0.066258919,0,28.74
335,Non Rush Hour,0.066258919,0,28.74
336,Non Rush Hour,0.068297655,0,28.84
337,Non Rush Hour,0.068297655,0,28.84
338,Non Rush Hour,0.073394495,0,28.94
339,Non Rush Hour,0.073394495,0,28.94
340,Non Rush Hour,0.077471967,0,29.02
341,Non Rush Hour,0.077471967,0,29.02
342,Non Rush Hour,0.053007136,0,28.94
343,Non Rush Hour,0.033639144,0,28.92
344,Non Rush Hour,0.01529052,0,28.88
345,Non Rush Hour,-0.001019368,0,28.88
346,Non Rush Hour,0.042813456,0,25.6
347,Non Rush Hour,0.047910296,0,25.6
348,Non Rush Hour,0.043832824,0,25.72
349,Non Rush Hour,0.044852192,0,25.76
350,Non Rush Hour,0.046890928,0,25.78
351,Non Rush Hour,0.044852192,0,25.92
352,Non Rush Hour,0.049949032,0,25.98
353,Non Rush Hour,0.026503568,0,26.14
354,Non Rush Hour,0.026503568,0,26.16
355,Non Rush Hour,0.024464832,0,26.18
356,Non Rush Hour,0.024464832,0,26.28
357,Non Rush Hour,0.03567788,0,26.3
358,Non Rush Hour,0.036697248,0,26.3
359,Non Rush Hour,0.032619776,0,26.32
360,Non Rush Hour,0.027522936,0,26.36
361,Non Rush Hour,0.028542304,0,26.38
362,Non Rush Hour,0.0254842,0,26.38
363,Non Rush Hour,0.022426096,0,26.4
364,Non Rush Hour,0.019367992,0,26.44
365,Non Rush Hour,0.021406728,0,26.44
366,Non Rush Hour,0.019367992,0,26.46
367,Non Rush Hour,0.019367992,0,26.48
368,Non Rush Hour,0.03058104,0,26.58
369,Non Rush Hour,0.024464832,0,29.02
370,Non Rush Hour,0.027522936,0,29.14
371,Non Rush Hour,0.032619776,0,29.2
372,Non Rush Hour,0.037716616,0,29.18
373,Non Rush Hour,0.032619776,0,29.24
374,Non Rush Hour,0.032619776,0,29.24
375,Non Rush Hour,0.033639144,0,29.28
376,Non Rush Hour,0.03567788,0,29.34
377,Non Rush Hour,0.039755352,0,29.34
378,Non Rush Hour,0.039755352,0,29.34
379,Non Rush Hour,0.039755352,0,29.34
380,Non Rush Hour,0.03567788,0,29.38
381,Non Rush Hour,0.03567788,0,29.44
382,Non Rush Hour,0.03567788,0,29.44
383,Non Rush Hour,0.039755352,0,29.5
384,Non Rush Hour,0.031600408,0,29.46
385,Non Rush Hour,0.03058104,0,29.5
386,Non Rush Hour,0.018348624,0,26.4
387,Non Rush Hour,0.026503568,0,26.52
388,Non Rush Hour,0.034658512,0,26.58
389,Non Rush Hour,0.04077472,0,26.54
390,Non Rush Hour,0.032619776,0,26.6
391,Non Rush Hour,0.032619776,0,26.66
392,Non Rush Hour,0.036697248,0,26.7
393,Non Rush Hour,0.039755352,0,26.72
394,Non Rush Hour,0.036697248,0,26.78
395,Non Rush Hour,0.037716616,0,26.82
396,Non Rush Hour,0.039755352,0,26.86
397,Non Rush Hour,0.042813456,0,26.86
398,Non Rush Hour,0.034658512,0,26.9
399,Non Rush Hour,0.03567788,0,26.96
400,Non Rush Hour,0.037716616,0,27
401,Non Rush Hour,0.041794088,0,26.78
402,Non Rush Hour,0.041794088,0,26.78
403,Non Rush Hour,0.028542304,0,26.82
404,Non Rush Hour,0.028542304,0,26.82
405,Non Rush Hour,0.0254842,0,26.86
406,Non Rush Hour,0.0254842,0,26.86
407,Non Rush Hour,0.026503568,0,26.9
408,Non Rush Hour,0.026503568,0,26.9
409,Non Rush Hour,0.029561672,0,26.82
410,Non Rush Hour,0.029561672,0,26.82
411,Non Rush Hour,0.014271152,0,26.86
412,Non Rush Hour,0.014271152,0,26.86
413,Non Rush Hour,0.012232416,0,26.9
414,Non Rush Hour,0.012232416,0,26.9
415,Non Rush Hour,0.01529052,0,26.94
416,Non Rush Hour,0.01529052,0,26.94
417,Non Rush Hour,0.02038736,0,26.88
418,Non Rush Hour,0.02038736,0,26.88
419,Non Rush Hour,0.01019368,0,26.92
420,Non Rush Hour,0.01019368,0,26.92
421,Non Rush Hour,0.01019368,0,26.96
422,Non Rush Hour,0.01019368,0,26.96
423,Non Rush Hour,0.002038736,0,26.94
424,Non Rush Hour,0.007135576,0,26.96
425,Non Rush Hour,0.007135576,0,26.96
426,Non Rush Hour,0.008154944,0,26.92
427,Non Rush Hour,0.006116208,0,26.98
428,Non Rush Hour,0.007135576,0,26.94
429,Non Rush Hour,0.004077472,0,27
430,Non Rush Hour,0.006116208,0,27.04
431,Non Rush Hour,0.016309888,0,27.04
432,Non Rush Hour,0.01019368,0,27.04
433,Non Rush Hour,0.01019368,0,27.04
434,Non Rush Hour,0.006116208,0,27.06
435,Non Rush Hour,0.009174312,0,27.1
436,Non Rush Hour,0.01529052,0,27.08
437,Non Rush Hour,0.01529052,0,27.08
438,Non Rush Hour,0.011213048,0,27.12
439,Non Rush Hour,0.018348624,0,27.16
440,Non Rush Hour,0.018348624,0,27.16
441,Non Rush Hour,0.018348624,0,27.18
442,Non Rush Hour,0.02038736,0,27.14
443,Non Rush Hour,0.02038736,0,27.14
444,Rush Hour,0.023445464,0,22.48
445,Rush Hour,0.023445464,0,22.48
446,Rush Hour,0.029561672,0,22.54
447,Rush Hour,0.029561672,0,22.54
448,Rush Hour,0.036697248,0,22.62
449,Rush Hour,0.036697248,0,22.62
450,Rush Hour,0.029561672,0,22.66
451,Rush Hour,0.036697248,0,22.76
452,Rush Hour,0.038735984,0,22.84
453,Rush Hour,0.039755352,0,23.04
454,Rush Hour,0.044852192,0,23.1
455,Rush Hour,0.032619776,0,23.04
456,Rush Hour,0.034658512,0,23.12
457,Rush Hour,0.04077472,0,23.2
458,Rush Hour,0.04077472,0,23.2
459,Rush Hour,0.04587156,0,23.26
460,Rush Hour,0.04587156,0,23.26
461,Rush Hour,0.041794088,0,23.26
462,Rush Hour,0.041794088,0,23.26
463,Rush Hour,0.044852192,0,23.32
464,Rush Hour,0.044852192,0,23.32
465,Rush Hour,0.049949032,0,23.4
466,Rush Hour,0.049949032,0,23.4
467,Rush Hour,0.055045872,0,23.48
468,Rush Hour,0.041794088,0,23.42
469,Rush Hour,0.041794088,0,23.42
470,Rush Hour,0.041794088,0,23.48
471,Rush Hour,0.041794088,0,23.48
472,Rush Hour,0.043832824,0,23.56
473,Rush Hour,0.043832824,0,23.56
474,Rush Hour,0.0509684,0,23.64
475,Rush Hour,0.04077472,0,23.6
476,Rush Hour,0.04077472,0,23.68
477,Rush Hour,0.04077472,0,23.68
478,Rush Hour,0.04587156,0,23.82
479,Rush Hour,0.048929664,0,24.1
480,Rush Hour,0.049949032,0,24.16
481,Rush Hour,0.051987768,0,24.22
482,Rush Hour,0.05606524,0,24.22
483,Rush Hour,0.048929664,0,24.36
484,Rush Hour,-0.004077472,0,12.28
485,Rush Hour,0.01529052,0,12.42
486,Rush Hour,0.01529052,0,12.4
487,Rush Hour,0.034658512,0,12.6
488,Rush Hour,0.012232416,0,23.84
489,Rush Hour,0.012232416,0,23.84
490,Rush Hour,0.012232416,0,23.84
491,Rush Hour,0.011213048,0,23.9
492,Rush Hour,0.011213048,0,23.9
493,Rush Hour,0.011213048,0,23.9
494,Rush Hour,0.016309888,0,23.9
495,Rush Hour,0.016309888,0,23.9
496,Rush Hour,0.01529052,0,23.92
497,Rush Hour,0.01529052,0,23.92
498,Rush Hour,0.01529052,0,23.92
499,Rush Hour,0.018348624,0,23.92
500,Rush Hour,0.018348624,0,23.92
501,Rush Hour,0.018348624,0,23.92
502,Rush Hour,0.016309888,0,23.92
503,Rush Hour,0.016309888,0,23.92
504,Rush Hour,0.00509684,0,23.88
505,Rush Hour,0.00509684,0,23.88
506,Rush Hour,0.014271152,0,23.96
507,Rush Hour,0.01019368,0,24
508,Rush Hour,0.01019368,0,24
509,Rush Hour,0.011213048,0,24
510,Rush Hour,0.01019368,0,24.04
511,Rush Hour,0.01529052,0,24.12
512,Rush Hour,0.01529052,0,24.12
513,Rush Hour,-0.007135576,0,11.38
514,Rush Hour,-0.00509684,0,11.4
515,Rush Hour,-0.017329256,0,11.3
516,Rush Hour,-0.01019368,0,11.38
517,Rush Hour,-0.014271152,0,11.3
518,Rush Hour,-0.012232416,0,11.32
519,Rush Hour,0.02038736,0,24.18
520,Rush Hour,0.02038736,0,24.18
521,Rush Hour,0.019367992,0,24.18
522,Rush Hour,0.019367992,0,24.18
523,Rush Hour,0.021406728,0,24.22
524,Rush Hour,0.021406728,0,24.22
525,Rush Hour,0.018348624,0,24.22
526,Rush Hour,0.018348624,0,24.22
527,Rush Hour,0.021406728,0,24.26
528,Rush Hour,0.021406728,0,24.26
529,Rush Hour,0.019367992,0,24.26
530,Rush Hour,0.019367992,0,24.26
531,Rush Hour,0.023445464,0,24.32
532,Rush Hour,0.023445464,0,24.32
533,Rush Hour,0.021406728,0,24.32
534,Rush Hour,0.019367992,0,24.32
535,Rush Hour,0.016309888,0,24.4
536,Rush Hour,0.016309888,0,24.4
537,Rush Hour,0.041794088,0.072375127,28.5
538,Rush Hour,0.033639144,0.036697248,28.56
539,Rush Hour,0.038735984,0.044852192,28.58
540,Rush Hour,0.092762487,0.077471967,28.64
541,Rush Hour,0.070336391,0.054026504,28.68
542,Rush Hour,0.002038736,0.044852192,28.68
543,Rush Hour,0.017329256,0.034658512,28.6
544,Rush Hour,0.044852192,0.046890928,28.62
545,Rush Hour,-0.003058104,0.073394495,28.62
546,Rush Hour,0.019367992,0,24.62
547,Rush Hour,0.022426096,0,24.68
548,Rush Hour,0.022426096,0,24.72
549,Rush Hour,0.022426096,0,24.72
550,Rush Hour,0.019367992,0,24.78
551,Rush Hour,0.024464832,0,24.78
552,Rush Hour,0.027522936,0,24.84
553,Rush Hour,0.024464832,0,24.84
554,Rush Hour,0.033639144,0,24.92
555,Rush Hour,0.031600408,0,24.92
556,Rush Hour,0.031600408,0,24.92
557,Rush Hour,0.013251784,0,24.88
558,Rush Hour,0.013251784,0,24.88
559,Rush Hour,0.017329256,0,24.94
560,Rush Hour,0.017329256,0,24.94
561,Rush Hour,0.016309888,0,24.94
562,Rush Hour,0.02038736,0,25
563,Rush Hour,0.019367992,0,25
564,Rush Hour,0.008154944,0,24.94
565,Rush Hour,0.022426096,0,24.7
566,Rush Hour,0.028542304,0,24.76
567,Rush Hour,0.028542304,0,24.76
568,Rush Hour,0.028542304,0,24.76
569,Rush Hour,0.0254842,0,24.84
570,Rush Hour,0.0254842,0,24.84
571,Rush Hour,0.0254842,0,24.84
572,Rush Hour,0.033639144,0,24.9
573,Rush Hour,0.017329256,0,24.92
574,Rush Hour,0.017329256,0,24.92
575,Rush Hour,0.021406728,0,25.02
576,Rush Hour,0.028542304,0,25.16
577,Rush Hour,0.028542304,0,25.16
578,Rush Hour,0.0254842,0,25.1
579,Rush Hour,0.0254842,0,25.1
580,Rush Hour,0.03058104,0,25.28
581,Rush Hour,0.03058104,0,25.28
582,Rush Hour,0.044852192,0,15.52
583,Rush Hour,0.054026504,0,15.74
584,Rush Hour,0.054026504,0,15.78
585,Rush Hour,0.053007136,0,15.78
586,Rush Hour,0.091743119,0,28.02
587,Rush Hour,0.091743119,0,28.02
588,Rush Hour,0.099898063,0,28.14
589,Rush Hour,0.099898063,0,28.14
590,Rush Hour,0.078491335,0,28.1
591,Rush Hour,0.078491335,0,28.1
592,Rush Hour,0.077471967,0,28.22
593,Rush Hour,0.077471967,0,28.22
594,Rush Hour,0.081549439,0,28.32
595,Rush Hour,0.081549439,0,28.32
596,Rush Hour,0.086646279,0,28.42
597,Rush Hour,0.086646279,0,28.42
598,Rush Hour,0.074413863,0,28.42
599,Rush Hour,0.074413863,0,28.42
600,Rush Hour,0.079510703,0,28.54
601,Rush Hour,0.079510703,0,28.54
602,Rush Hour,0.079510703,0,29
603,Rush Hour,0.094801223,0,29.12
604,Rush Hour,0.094801223,0,29.12
605,Rush Hour,0.084607543,0,29.12
606,Rush Hour,0.084607543,0,29.12
607,Rush Hour,0.084607543,0,29.24
608,Rush Hour,0.084607543,0,29.24
609,Rush Hour,0.085626911,0,29.32
610,Rush Hour,0.082568807,0,29.4
611,Rush Hour,0.082568807,0,29.4
612,Rush Hour,0.03058104,0,28.74
613,Rush Hour,0.03567788,0,28.74
614,Rush Hour,0.03058104,0,28.74
615,Rush Hour,0.03567788,0,28.74
616,Rush Hour,0.042813456,0,28.86
617,Rush Hour,0.04077472,0,28.86
618,Rush Hour,0.047910296,0,29.04
619,Rush Hour,0.066258919,0,29.14
620,Rush Hour,0.044852192,0,29.04
621,Rush Hour,0.042813456,0,29.12
622,Rush Hour,0.049949032,0,29.22
623,Rush Hour,0.058103976,0,29.32
624,Rush Hour,0.042813456,0,29.24
625,Rush Hour,0.042813456,0,29.32
626,Rush Hour,0.048929664,0,29.4
627,Rush Hour,0.042813456,0,29.32
628,Rush Hour,0.058103976,0,29.5
629,Rush Hour,0.048929664,0,29.4
630,Rush Hour,0.047910296,0,29.48
631,Rush Hour,0.058103976,0,29.5
632,Rush Hour,0.049949032,0,29.56
633,Rush Hour,0.047910296,0,29.48
634,Rush Hour,0.049949032,0,29.56
635,Rush Hour,0.034658512,0,25.26
636,Rush Hour,0.034658512,0,25.26
637,Rush Hour,0.03058104,0,25.3
638,Rush Hour,0.03058104,0,25.3
639,Rush Hour,0.036697248,0,25.42
640,Rush Hour,0.036697248,0,25.42
641,Rush Hour,0.028542304,0,25.4
642,Rush Hour,0.036697248,0,25.54
643,Rush Hour,0.036697248,0,25.54
644,Rush Hour,0.027522936,0,25.6
645,Rush Hour,0.027522936,0,25.6
646,Rush Hour,0.0254842,0,25.6
647,Rush Hour,0.032619776,0,25.68
648,Rush Hour,0.032619776,0,25.68
649,Rush Hour,0.032619776,0,25.82
650,Rush Hour,0.03567788,0,25.38
651,Rush Hour,0.023445464,0,25.38
652,Rush Hour,0.023445464,0,25.44
653,Rush Hour,0.023445464,0,25.48
654,Rush Hour,0.023445464,0,25.48
655,Rush Hour,0.029561672,0,25.54
656,Rush Hour,0.022426096,0,25.6
657,Rush Hour,0.022426096,0,25.6
658,Rush Hour,0.023445464,0,25.7
659,Rush Hour,0.023445464,0,25.7
660,Rush Hour,0.04077472,0,27.98
661,Rush Hour,0.047910296,0,28.48
662,Rush Hour,0.046890928,0,28.52
663,Rush Hour,0.051987768,0,28.68
664,Rush Hour,0.055045872,0,29.64
665,Rush Hour,0.055045872,0,29.64
666,Rush Hour,0.047910296,0,29.68
667,Rush Hour,0.060142712,0,29.7
668,Rush Hour,0.046890928,0,29.74
669,Rush Hour,0.047910296,0,29.68
670,Rush Hour,0.0509684,0,29.82
671,Rush Hour,0.046890928,0,29.74
672,Rush Hour,0.05606524,0,29.9
673,Rush Hour,0.05606524,0,29.9
674,Rush Hour,0.038735984,0,29.98
675,Rush Hour,0.038735984,0,29.98
676,Rush Hour,0.049949032,0,30.04
677,Rush Hour,0.048929664,0,30.4
678,Rush Hour,0.027522936,0,25.84
679,Rush Hour,0.027522936,0,25.84
680,Rush Hour,0.027522936,0,25.84
681,Rush Hour,0.017329256,0,25.84
682,Rush Hour,0.031600408,0,26.06
683,Rush Hour,0.031600408,0,26.06
684,Rush Hour,0.048929664,0,26.18
685,Rush Hour,0.048929664,0,26.18
686,Rush Hour,0.048929664,0,26.18
687,Rush Hour,0.04077472,0,26.2
688,Rush Hour,0.04077472,0,26.2
689,Rush Hour,0.03567788,0,26.28
690,Rush Hour,0.036697248,0,26.34
691,Rush Hour,0.032619776,0,26.34
692,Rush Hour,0.032619776,0,26.34
693,Rush Hour,0.03567788,0,26.42
694,Rush Hour,0.03567788,0,26.42
695,Rush Hour,0.032619776,0,25.74
696,Rush Hour,0.032619776,0,25.74
697,Rush Hour,0.02038736,0,25.86
698,Rush Hour,0.02038736,0,25.86
699,Rush Hour,0.023445464,0,25.8
700,Rush Hour,0.023445464,0,25.8
701,Rush Hour,0.011213048,0,25.86
702,Rush Hour,0.014271152,0,25.9
703,Rush Hour,0.014271152,0,25.9
704,Rush Hour,0.019367992,0,25.98
705,Rush Hour,0.019367992,0,26.04
706,Rush Hour,0.048929664,0,28.7
707,Rush Hour,0.042813456,0,28.76
708,Rush Hour,0.042813456,0,28.76
709,Rush Hour,0.034658512,0,28.8
710,Rush Hour,0.034658512,0,28.8
711,Rush Hour,0.03058104,0,28.8
712,Rush Hour,0.03058104,0,28.8
713,Rush Hour,0.034658512,0,28.88
714,Rush Hour,0.032619776,0,28.88
715,Rush Hour,0.027522936,0,28.9
716,Rush Hour,0.022426096,0,28.9
717,Rush Hour,0.021406728,0,28.92
718,Rush Hour,0.02038736,0,28.94
719,Rush Hour,0.04587156,0,30.5
720,Rush Hour,0.043832824,0,30.58
721,Rush Hour,0.048929664,0,30.66
722,Rush Hour,0.054026504,0,30.66
723,Rush Hour,0.047910296,0,30.72
724,Rush Hour,0.047910296,0,30.8
725,Rush Hour,0.047910296,0,30.72
726,Rush Hour,0.051987768,0,30.86
727,Rush Hour,0.051987768,0,30.86
728,Rush Hour,0.039755352,0,30.8
729,Rush Hour,0.042813456,0,30.94
730,Rush Hour,0.037716616,0,30.86
731,Rush Hour,0.042813456,0,30.94
732,Rush Hour,0.047910296,0,31
733,Rush Hour,0.026503568,0,27.54
734,Rush Hour,0.022426096,0,27.58
735,Rush Hour,0.024464832,0,27.64
736,Rush Hour,0.022426096,0,27.58
737,Rush Hour,0.028542304,0,27.68
738,Rush Hour,0.024464832,0,27.64
739,Rush Hour,0.032619776,0,27.72
740,Rush Hour,0.028542304,0,27.68
741,Rush Hour,0.014271152,0,27.64
742,Rush Hour,0.036697248,0,27.6
743,Rush Hour,0.014271152,0,27.64
744,Rush Hour,0.009174312,0,27.68
745,Rush Hour,0.012232416,0,27.72
746,Non Rush Hour,0.028542304,0,29.66
747,Non Rush Hour,0.034658512,0,29.78
748,Non Rush Hour,0.03058104,0,29.8
749,Non Rush Hour,0.031600408,0,29.86
750,Non Rush Hour,0.041794088,0,29.92
751,Non Rush Hour,0.031600408,0,29.88
752,Non Rush Hour,0.031600408,0,29.94
753,Non Rush Hour,0.034658512,0,30
754,Non Rush Hour,0.039755352,0,30.06
755,Non Rush Hour,0.03058104,0,30.02
756,Non Rush Hour,0.03058104,0,30.08
757,Non Rush Hour,0.03567788,0,30.14
758,Non Rush Hour,0.04077472,0,30.2
759,Non Rush Hour,0.027522936,0,30.14
760,Non Rush Hour,0.028542304,0,30.2
761,Non Rush Hour,0.028542304,0,30.2
762,Non Rush Hour,0.033639144,0,30.26
763,Non Rush Hour,0.039755352,0,30.32
764,Non Rush Hour,0.039755352,0,30.32
765,Non Rush Hour,0.03567788,0,30.32
766,Non Rush Hour,0.03567788,0,30.32
767,Non Rush Hour,0.038735984,0,30.38
768,Non Rush Hour,0.038735984,0,30.38
769,Non Rush Hour,0.043832824,0,30.44
770,Non Rush Hour,0.043832824,0,30.82
771,Non Rush Hour,0.047910296,0,30.88
772,Non Rush Hour,0.039755352,0,28.86
773,Non Rush Hour,0.039755352,0,28.86
774,Non Rush Hour,0.053007136,0,28.86
775,Non Rush Hour,0.0509684,0,28.88
776,Non Rush Hour,0.053007136,0,28.86
777,Non Rush Hour,0.043832824,0,28.88
778,Non Rush Hour,0.0509684,0,28.88
779,Non Rush Hour,0.03567788,0,29
780,Non Rush Hour,0.043832824,0,28.88
781,Non Rush Hour,0.042813456,0,29
782,Non Rush Hour,0.03567788,0,29
783,Non Rush Hour,0.038735984,0,29.02
784,Non Rush Hour,0.037716616,0,29.02
785,Non Rush Hour,0.038735984,0,29.02
786,Non Rush Hour,0.03058104,0,29.12
787,Non Rush Hour,0.038735984,0,29.12
788,Non Rush Hour,0.039755352,0,29.2
789,Non Rush Hour,0.042813456,0,29.3
790,Non Rush Hour,0.038735984,0,29.34
791,Non Rush Hour,0.037716616,0,29.34
792,Non Rush Hour,0.031600408,0,29.4
793,Non Rush Hour,0.142711519,0,13.7
794,Non Rush Hour,0.107033639,0,14.04
795,Non Rush Hour,0.126401631,0,14.16
796,Non Rush Hour,0.116207951,0,14.22
797,Non Rush Hour,0.101936799,0,14.04
798,Non Rush Hour,0.03058104,0,30.06
799,Non Rush Hour,0.034658512,0,30.12
800,Non Rush Hour,0.03058104,0,30.12
801,Non Rush Hour,0.031600408,0,30.16
802,Non Rush Hour,0.027522936,0,30.16
803,Non Rush Hour,0.032619776,0,30.24
804,Non Rush Hour,0.029561672,0,30.24
805,Non Rush Hour,0.026503568,0,30.26
806,Non Rush Hour,0.022426096,0,30.3
807,Non Rush Hour,0.023445464,0,30.3
808,Non Rush Hour,0.02038736,0,30.44
809,Non Rush Hour,0.008154944,0,29.5
810,Non Rush Hour,0.00509684,0,29.54
811,Non Rush Hour,0.009174312,0,29.58
812,Non Rush Hour,0.01019368,0,29.48
813,Non Rush Hour,0.01019368,0,29.48
814,Non Rush Hour,-0.006116208,0,29.48
815,Non Rush Hour,-0.011213048,0,29.5
816,Non Rush Hour,-0.008154944,0,29.5
817,Rush Hour,0.008154944,0,22.36
818,Rush Hour,0.009174312,0,22.44
819,Rush Hour,0.018348624,0,22.5
820,Rush Hour,0.018348624,0,22.5
821,Rush Hour,0.029561672,0,22.36
822,Rush Hour,0.008154944,0,22.42
823,Rush Hour,0.008154944,0,22.42
824,Rush Hour,0.014271152,0,22.48
825,Rush Hour,0.014271152,0,22.48
826,Rush Hour,0.024464832,0,22.54
827,Rush Hour,0.024464832,0,22.54
828,Rush Hour,0.006116208,0,22.42
829,Rush Hour,0.006116208,0,22.42
830,Rush Hour,0.007135576,0,22.48
831,Rush Hour,0.007135576,0,22.48
832,Rush Hour,0.016309888,0,22.54
833,Rush Hour,0.016309888,0,22.54
834,Rush Hour,0.026503568,0,22.6
835,Rush Hour,0.026503568,0,22.6
836,Rush Hour,0.014271152,0,22.58
837,Rush Hour,0.014271152,0,22.58
838,Rush Hour,0.022426096,0,22.64
839,Rush Hour,0.013251784,0,22.58
840,Rush Hour,0.013251784,0,22.58
841,Rush Hour,0.014271152,0,22.68
842,Rush Hour,0.028542304,0,22.66
843,Rush Hour,0.01529052,0,22.76
844,Rush Hour,0.024464832,0,26.48
845,Rush Hour,0.022426096,0,26.54
846,Rush Hour,0.022426096,0,26.58
847,Rush Hour,0.031600408,0,26.7
848,Rush Hour,0.027522936,0,26.76
849,Rush Hour,0.046890928,0,26.94
850,Rush Hour,0.046890928,0,26.94
851,Rush Hour,0.022426096,0,26.8
852,Rush Hour,0.019367992,0,26.86
853,Rush Hour,0.019367992,0,26.86
854,Rush Hour,0.01529052,0,26.92
855,Rush Hour,0.01529052,0,26.92
856,Rush Hour,0.028542304,0,26.98
857,Rush Hour,0.028542304,0,26.92
858,Rush Hour,0.028542304,0,26.92
859,Rush Hour,0.019367992,0,26.94
860,Rush Hour,0.053007136,0,26.7
861,Rush Hour,0.065239551,0,26.7
862,Rush Hour,0.064220183,0,26.72
863,Rush Hour,0.054026504,0,26.72
864,Rush Hour,0.062181448,0,26.84
865,Rush Hour,0.05606524,0,26.84
866,Rush Hour,0.05606524,0,26.84
867,Rush Hour,0.055045872,0,27.12
868,Rush Hour,0.055045872,0,27.12
869,Rush Hour,0.048929664,0,27.12
870,Rush Hour,0.048929664,0,27.12
871,Rush Hour,0.055045872,0,27.24
872,Rush Hour,0.055045872,0,27.24
873,Rush Hour,0.057084608,0,27.38
874,Rush Hour,0.060142712,0,27.48
875,Rush Hour,0.019367992,0,22.8
876,Rush Hour,0.0254842,0,22.76
877,Rush Hour,0.021406728,0,22.88
878,Rush Hour,0.027522936,0,22.92
879,Rush Hour,0.027522936,0,22.92
880,Rush Hour,0.033639144,0,22.86
881,Rush Hour,0.02038736,0,22.92
882,Rush Hour,0.02038736,0,22.98
883,Rush Hour,0.02038736,0,22.98
884,Rush Hour,0.026503568,0,23.02
885,Rush Hour,0.026503568,0,23.02
886,Rush Hour,0.032619776,0,22.98
887,Rush Hour,0.032619776,0,22.98
888,Rush Hour,0.022426096,0,23.02
889,Rush Hour,0.022426096,0,23.02
890,Rush Hour,0.029561672,0,23.1
891,Rush Hour,0.029561672,0,23.1
892,Rush Hour,0.029561672,0,23.1
893,Rush Hour,0.036697248,0,23.16
894,Rush Hour,0.024464832,0,23.08
895,Rush Hour,0.028542304,0,23.2
896,Rush Hour,0.0254842,0,23.22
897,Rush Hour,0.0254842,0,23.22
898,Rush Hour,0.0254842,0,23.26
899,Rush Hour,0.03567788,0,23.32
900,Rush Hour,0.017329256,0,26.98
901,Rush Hour,0.017329256,0,27
902,Rush Hour,0.018348624,0,27.02
903,Rush Hour,0.018348624,0,27.02
904,Rush Hour,0.022426096,0,27.06
905,Rush Hour,0.028542304,0,27.12
906,Rush Hour,0.028542304,0,27.12
907,Rush Hour,0.034658512,0,27.16
908,Rush Hour,0.014271152,0,27.06
909,Rush Hour,0.04077472,0,27.64
910,Rush Hour,0.05606524,0,27.9
911,Rush Hour,0.05606524,0,27.9
912,Rush Hour,0.055045872,0,27.96
913,Rush Hour,0.04587156,0,27.96
914,Rush Hour,0.04587156,0,27.96
915,Rush Hour,0.05606524,0,28.1
916,Rush Hour,0.05606524,0,28.1
917,Rush Hour,0.047910296,0,28.14
918,Rush Hour,0.01019368,0,27
919,Rush Hour,0.01019368,0,27
920,Rush Hour,0.001019368,0,26.94
921,Rush Hour,0.002038736,0,26.96
922,Rush Hour,0.002038736,0,26.96
923,Rush Hour,0.01019368,0,27.02
924,Rush Hour,0.00509684,0,26.98
925,Rush Hour,0.00509684,0,27
926,Rush Hour,0.008154944,0,27.02
927,Rush Hour,0.007135576,0,27.02
928,Rush Hour,0.01019368,0,27.04
929,Rush Hour,0.012232416,0,27.06
930,Rush Hour,0.016309888,0,27.1
931,Rush Hour,0.019367992,0,27.12
932,Rush Hour,0.012232416,0,27.1
933,Rush Hour,0.011213048,0,27.12
934,Rush Hour,0.023445464,0,21.3
935,Rush Hour,0.028542304,0,21.36
936,Rush Hour,0.0254842,0,21.4
937,Rush Hour,0.0254842,0,21.4
938,Rush Hour,0.0254842,0,21.4
939,Rush Hour,0.0254842,0,21.4
940,Rush Hour,0.022426096,0,21.4
941,Rush Hour,0.029561672,0,21.48
942,Rush Hour,0.029561672,0,21.48
943,Rush Hour,0.037716616,0,21.54
944,Rush Hour,0.016309888,0,21.42
945,Rush Hour,0.016309888,0,21.42
946,Rush Hour,0.006116208,0,21.46
947,Rush Hour,0.006116208,0,21.46
948,Rush Hour,0.01529052,0,21.5
949,Rush Hour,0.01529052,0,21.5
950,Rush Hour,0.016309888,0,21.54
951,Rush Hour,0.016309888,0,21.54
952,Rush Hour,0.0254842,0,21.58
953,Rush Hour,0.0254842,0,21.58
954,Rush Hour,0.01019368,0,21.48
955,Rush Hour,0.01019368,0,21.48
956,Rush Hour,0.007135576,0,21.58
957,Rush Hour,0.007135576,0,21.58
958,Rush Hour,0.01529052,0,21.6
959,Rush Hour,0.01529052,0,21.6
960,Rush Hour,0.016309888,0,21.64
961,Rush Hour,0.004077472,0,21.54
962,Rush Hour,0.013251784,0,21.64
963,Rush Hour,-0.133537207,0,12.26
964,Rush Hour,-0.153924567,0,12.04
965,Rush Hour,-0.126401631,0,11.94
966,Rush Hour,-0.102956167,0,11.9
967,Rush Hour,-0.124362895,0,11.64
968,Rush Hour,-0.121304791,0,11.6
969,Rush Hour,0.023445464,0,23.24
970,Rush Hour,0.03058104,0,23.18
971,Rush Hour,0.012232416,0,23.22
972,Rush Hour,0.012232416,0,23.26
973,Rush Hour,0.004077472,0,23.26
974,Rush Hour,0.006116208,0,23.38
975,Rush Hour,0.021406728,0,23.34
976,Rush Hour,0.022426096,0,23.42
977,Rush Hour,0.012232416,0,23.42
978,Rush Hour,0.023445464,0,23.52
979,Rush Hour,0.012232416,0,23.48
980,Rush Hour,0.014271152,0,23.44
981,Rush Hour,0.012232416,0,23.46
982,Rush Hour,0.006116208,0,21.6
983,Rush Hour,0.011213048,0,21.66
984,Rush Hour,0.012232416,0,21.68
985,Rush Hour,0.01019368,0,21.66
986,Rush Hour,0.01019368,0,21.66
987,Rush Hour,0.013251784,0,21.7
988,Rush Hour,0.011213048,0,21.7
989,Rush Hour,0.011213048,0,21.7
990,Rush Hour,0.009174312,0,21.72
991,Rush Hour,0.011213048,0,21.76
992,Rush Hour,0.01529052,0,21.8
993,Rush Hour,0.008154944,0,21.74
994,Rush Hour,0.008154944,0,21.74
995,Rush Hour,0.01019368,0,21.78
996,Rush Hour,0.01019368,0,21.78
997,Rush Hour,0.016309888,0,21.82
998,Rush Hour,0.021406728,0,21.86
999,Rush Hour,0.012232416,0,21.82
1000,Rush Hour,0.013251784,0,21.86
1001,Rush Hour,0.013251784,0,21.86
1002,Rush Hour,0.018348624,0,21.9
1003,Rush Hour,0.018348624,0,21.9
1004,Rush Hour,0.024464832,0,21.94
1005,Rush Hour,0.02038736,0,21.94
1006,Rush Hour,0.02038736,0,21.94
1007,Rush Hour,0.027522936,0,22.02
1008,Rush Hour,0.027522936,0,22.02
1009,Rush Hour,0.027522936,0,22.02
1010,Rush Hour,0.023445464,0,23.56
1011,Rush Hour,0.01019368,0,23.46
1012,Rush Hour,0.01019368,0,23.5
1013,Rush Hour,0.01019368,0,23.5
1014,Rush Hour,0.01529052,0,23.56
1015,Rush Hour,0.01529052,0,23.56
1016,Rush Hour,0.01529052,0,23.6
1017,Rush Hour,0.01529052,0,23.6
1018,Rush Hour,0.008154944,0,23.52
1019,Rush Hour,0.008154944,0,23.54
1020,Rush Hour,0.013251784,0,23.58
1021,Rush Hour,0.013251784,0,23.58
1022,Rush Hour,0.013251784,0,23.62
1023,Rush Hour,0.013251784,0,23.62
1024,Rush Hour,0.003058104,0,23.54
1025,Rush Hour,0.003058104,0,23.54
1026,Rush Hour,-0.001019368,0,23.54
1027,Rush Hour,-0.001019368,0,23.54
1028,Rush Hour,-0.012232416,0,23.48
1029,Rush Hour,-0.012232416,0,23.48
1030,Rush Hour,-0.01019368,0,23.48
1031,Rush Hour,-0.01019368,0,23.48
1032,Rush Hour,-0.007135576,0,23.5
1033,Rush Hour,-0.007135576,0,23.5
1034,Rush Hour,-0.016309888,0,23.42
1035,Rush Hour,-0.014271152,0,23.46
1036,Rush Hour,-0.014271152,0,23.46
1037,Rush Hour,0.0254842,0,24.32
1038,Rush Hour,0.033639144,0,24.38
1039,Rush Hour,0.036697248,0,24.52
1040,Rush Hour,0.033639144,0,24.62
1041,Non Rush Hour,0.037716616,0,29.36
1042,Non Rush Hour,0.034658512,0,29.44
1043,Non Rush Hour,0.034658512,0,29.44
1044,Non Rush Hour,0.023445464,0,29.44
1045,Non Rush Hour,0.023445464,0,29.44
1046,Non Rush Hour,0.01529052,0,29.42
1047,Non Rush Hour,0.01529052,0,29.42
1048,Non Rush Hour,0.021406728,0,29.5
1049,Non Rush Hour,0.021406728,0,29.5
1050,Non Rush Hour,0.018348624,0,29.48
1051,Non Rush Hour,0.018348624,0,29.48
1052,Non Rush Hour,0.012232416,0,29.46
1053,Non Rush Hour,0.012232416,0,29.46
1054,Non Rush Hour,0.006116208,0,29.46
1055,Non Rush Hour,0.006116208,0,29.46
1056,Non Rush Hour,0.026503568,0,29.62
1057,Non Rush Hour,0.026503568,0,29.62
1058,Non Rush Hour,0.034658512,0,24.98
1059,Non Rush Hour,0.031600408,0,25
1060,Non Rush Hour,0.04077472,0,25.16
1061,Non Rush Hour,0.027522936,0,25.1
1062,Non Rush Hour,0.026503568,0,25.18
1063,Non Rush Hour,0.026503568,0,25.18
1064,Non Rush Hour,0.042813456,0,25.2
1065,Non Rush Hour,0.038735984,0,25.34
1066,Non Rush Hour,0.038735984,0,25.34
1067,Non Rush Hour,0.046890928,0,25.42
1068,Non Rush Hour,0.034658512,0,25.36
1069,Non Rush Hour,0.034658512,0,25.36
1070,Non Rush Hour,0.037716616,0,25.44
1071,Non Rush Hour,0.037716616,0,25.44
1072,Non Rush Hour,0.044852192,0,25.52
1073,Non Rush Hour,0.044852192,0,25.52
1074,Non Rush Hour,0.053007136,0,25.6
1075,Non Rush Hour,0.053007136,0,25.6
1076,Non Rush Hour,0.036697248,0,25.54
1077,Non Rush Hour,0.036697248,0,25.54
1078,Non Rush Hour,0.029561672,0,29.6
1079,Non Rush Hour,0.024464832,0,29.6
1080,Non Rush Hour,0.019367992,0,29.6
1081,Non Rush Hour,0.054026504,0,29.94
1082,Non Rush Hour,0.032619776,0,30.06
1083,Non Rush Hour,0.039755352,0,30.08
1084,Non Rush Hour,0.036697248,0,30.2
1085,Non Rush Hour,0.03567788,0,25.6
1086,Non Rush Hour,0.03567788,0,25.6
1087,Non Rush Hour,0.04077472,0,25.68
1088,Non Rush Hour,0.04077472,0,25.68
1089,Non Rush Hour,0.047910296,0,25.74
1090,Non Rush Hour,0.047910296,0,25.74
1091,Non Rush Hour,0.031600408,0,25.68
1092,Non Rush Hour,0.031600408,0,25.68
1093,Non Rush Hour,0.032619776,0,25.74
1094,Non Rush Hour,0.04077472,0,25.84
1095,Non Rush Hour,0.04077472,0,25.84
1096,Non Rush Hour,0.048929664,0,25.9
1097,Non Rush Hour,0.033639144,0,25.84
1098,Non Rush Hour,0.033639144,0,25.84
1099,Non Rush Hour,0.022426096,0,25.84
1100,Non Rush Hour,0.026503568,0,25.9
1101,Non Rush Hour,0.036697248,0,25.98
1102,Non Rush Hour,0.037716616,0,26
1103,Non Rush Hour,0.032619776,0,26.08
1104,Non Rush Hour,0.04587156,0,26.26
1105,Non Rush Hour,0.05606524,0,26.32
1106,Non Rush Hour,0.038735984,0,30.22
1107,Non Rush Hour,0.03567788,0,30.24
1108,Non Rush Hour,0.03567788,0,30.24
1109,Non Rush Hour,0.042813456,0,30.36
1110,Non Rush Hour,0.042813456,0,30.36
1111,Non Rush Hour,0.041794088,0,30.36
1112,Non Rush Hour,0.041794088,0,30.36
1113,Non Rush Hour,0.03567788,0,30.36
1114,Non Rush Hour,0.029561672,0,30.38
1115,Non Rush Hour,0.043832824,0,30.52
1116,Non Rush Hour,0.041794088,0,30.52
1117,Non Rush Hour,0.037716616,0,30.54
1118,Non Rush Hour,0.031600408,0,30.54
1119,Non Rush Hour,0.048929664,0,30.7
1120,Non Rush Hour,0.04077472,0,26.4
1121,Non Rush Hour,0.039755352,0,26.4
1122,Non Rush Hour,0.032619776,0,26.44
1123,Non Rush Hour,0.034658512,0,26.46
1124,Non Rush Hour,0.034658512,0,26.46
1125,Non Rush Hour,0.031600408,0,26.46
1126,Non Rush Hour,0.0254842,0,26.52
1127,Non Rush Hour,0.0254842,0,26.52
1128,Non Rush Hour,0.028542304,0,26.58
1129,Non Rush Hour,0.028542304,0,26.58
1130,Non Rush Hour,0.04077472,0,26.64
1131,Non Rush Hour,0.04077472,0,26.64
1132,Non Rush Hour,0.026503568,0,26.58
1133,Non Rush Hour,0.026503568,0,26.58
1134,Non Rush Hour,0.024464832,0,26.62
1135,Non Rush Hour,0.026503568,0,26.66
1136,Non Rush Hour,0.027522936,0,26.7
1137,Non Rush Hour,0.03058104,0,26.74
1138,Non Rush Hour,0.033639144,0,26.78
1139,Non Rush Hour,0.03567788,0,26.82
1140,Non Rush Hour,0.03567788,0,26.82
1141,Non Rush Hour,0.021406728,0,26.76
1142,Non Rush Hour,0.017329256,0,26.78
1143,Non Rush Hour,0.019367992,0,26.82
1144,Non Rush Hour,0.024464832,0,26.78
1145,Non Rush Hour,0.022426096,0,26.78
1146,Non Rush Hour,0.018348624,0,26.8
1147,Non Rush Hour,0.014271152,0,26.8
1148,Non Rush Hour,0.0254842,0,26.9
1149,Non Rush Hour,0.026503568,0,26.9
1150,Non Rush Hour,0.021406728,0,26.9
1151,Non Rush Hour,0.016309888,0,26.96
1152,Non Rush Hour,0.016309888,0,27.02
1153,Non Rush Hour,0.01529052,0,27.02
1154,Non Rush Hour,0.01529052,0,27.06
1155,Non Rush Hour,0.01529052,0,27.06
1156,Non Rush Hour,0.0254842,0,27.1
1157,Non Rush Hour,0.0254842,0,27.1
1158,Non Rush Hour,0.0254842,0,27.1
1159,Non Rush Hour,0.03567788,0,27.18
1160,Non Rush Hour,0.03567788,0,27.18
1161,Non Rush Hour,0.033639144,0,27.18
1162,Non Rush Hour,0.033639144,0,27.18
1163,Non Rush Hour,0.028542304,0,27.18
1164,Non Rush Hour,0.028542304,0,27.18
1165,Non Rush Hour,0.022426096,0,27.18
1166,Non Rush Hour,0.029561672,0,27.28
1167,Non Rush Hour,0.028542304,0,27.28
1168,Non Rush Hour,0.026503568,0,27.3
1169,Non Rush Hour,0.021406728,0,27.3
1170,Non Rush Hour,0.019367992,0,27.32
1171,Non Rush Hour,0.004077472,0,27.34
1172,Non Rush Hour,-0.002038736,0,27.3
1173,Non Rush Hour,-0.003058104,0,27.3
1174,Non Rush Hour,-0.003058104,0,27.38
1175,Non Rush Hour,0.008154944,0,27.38
1176,Non Rush Hour,0.011213048,0,27.36
1177,Non Rush Hour,0.009174312,0,27.36
1178,Non Rush Hour,0.009174312,0,27.36
1179,Non Rush Hour,0.006116208,0,27.4
1180,Non Rush Hour,0.012232416,0,27.4
1181,Non Rush Hour,0.012232416,0,27.44
1182,Non Rush Hour,0.013251784,0,27.44
1183,Non Rush Hour,0.014271152,0,27.46
1184,Non Rush Hour,0.012232416,0,27.46
1185,Non Rush Hour,0.201834862,0,11.86
1186,Non Rush Hour,0.162079511,0,11.9
1187,Non Rush Hour,0.178389399,0,12.26
1188,Non Rush Hour,0.160040775,0,12.28
1189,Non Rush Hour,0.133537207,0,12.3
1190,Non Rush Hour,0.107033639,0,12.32
1191,Non Rush Hour,0.090723751,0,12.38
1192,Non Rush Hour,0.071355759,0,12.38
1193,Non Rush Hour,0.058103976,0,12.42
1194,Non Rush Hour,0.043832824,0,12.42
1195,Non Rush Hour,0.029561672,0,12.4
1196,Non Rush Hour,0.023445464,0,12.42
1197,Non Rush Hour,0.022426096,0,12.46
1198,Non Rush Hour,0.018348624,0,12.46
1199,Non Rush Hour,0.01019368,0,12.44
1200,Rush Hour,0.092762487,0,29.72
1201,Rush Hour,0.083588175,0,29.96
1202,Rush Hour,0.088685015,0,30.06
1203,Rush Hour,0.093781855,0,30.02
1204,Rush Hour,0.075433231,0,30.12
1205,Rush Hour,0.071355759,0,30.22
1206,Rush Hour,0.077471967,0,30.38
1207,Rush Hour,0.078491335,0,30.46
1208,Rush Hour,0.078491335,0,30.46
1209,Rush Hour,0.081549439,0,30.56
1210,Rush Hour,0.081549439,0,30.56
1211,Rush Hour,0.085626911,0,30.66
1212,Rush Hour,0.085626911,0,30.66
1213,Rush Hour,0.088685015,0,30.72
1214,Rush Hour,0.088685015,0,30.72
1215,Rush Hour,0.084607543,0,30.8
1216,Rush Hour,0.084607543,0,30.8
1217,Rush Hour,0.085626911,0,30.9
1218,Rush Hour,0.085626911,0,30.9
1219,Rush Hour,0.088685015,0,31
1220,Rush Hour,0.085626911,0,31.06
1221,Rush Hour,0.085626911,0,31.16
1222,Rush Hour,0.086646279,0,31.24
1223,Rush Hour,0.088685015,0,31.34
1224,Rush Hour,0.087665647,0,31.42
1225,Rush Hour,0.094801223,0,31.64
1226,Rush Hour,0.094801223,0,31.64
1227,Rush Hour,0.087665647,0,31.76
1228,Rush Hour,0.087665647,0,31.76
1229,Rush Hour,0.018348624,0,25.26
1230,Rush Hour,0.018348624,0,25.26
1231,Rush Hour,0.017329256,0,25.34
1232,Rush Hour,0.017329256,0,25.34
1233,Rush Hour,0.0254842,0,25.22
1234,Rush Hour,0.0254842,0,25.22
1235,Rush Hour,0.011213048,0,25.26
1236,Rush Hour,0.011213048,0,25.26
1237,Rush Hour,0.012232416,0,25.3
1238,Rush Hour,0.012232416,0,25.3
1239,Rush Hour,0.02038736,0,25.38
1240,Rush Hour,0.02038736,0,25.38
1241,Rush Hour,0.027522936,0,25.44
1242,Rush Hour,0.027522936,0,25.44
1243,Rush Hour,0.027522936,0,25.36
1244,Rush Hour,0.027522936,0,25.36
1245,Rush Hour,0.021406728,0,25.44
1246,Rush Hour,0.021406728,0,25.44
1247,Rush Hour,0.024464832,0,25.5
1248,Rush Hour,0.024464832,0,25.5
1249,Rush Hour,0.032619776,0,25.56
1250,Rush Hour,0.032619776,0,25.56
1251,Rush Hour,0.016309888,0,25.46
1252,Rush Hour,0.016309888,0,25.46
1253,Rush Hour,0.019367992,0,25.54
1254,Rush Hour,0.019367992,0,25.54
1255,Rush Hour,0.019367992,0,25.54
1256,Rush Hour,0.027522936,0,25.62
1257,Rush Hour,0.003058104,0,22.54
1258,Rush Hour,0.003058104,0,22.54
1259,Rush Hour,-0.007135576,0,22.46
1260,Rush Hour,-0.012232416,0,22.46
1261,Rush Hour,-0.012232416,0,22.46
1262,Rush Hour,-0.008154944,0,22.48
1263,Rush Hour,-0.008154944,0,22.48
1264,Rush Hour,-0.022426096,0,22.4
1265,Rush Hour,-0.022426096,0,22.4
1266,Rush Hour,-0.0254842,0,22.22
1267,Rush Hour,-0.011213048,0,22.26
1268,Rush Hour,-0.011213048,0,22.26
1269,Rush Hour,-0.007135576,0,22.24
1270,Rush Hour,-0.007135576,0,22.24
1271,Rush Hour,-0.001019368,0,22.26
1272,Rush Hour,-0.001019368,0,22.26
1273,Rush Hour,0.022426096,0,25.72
1274,Rush Hour,0.029561672,0,25.72
1275,Rush Hour,0.018348624,0,25.8
1276,Rush Hour,0.027522936,0,25.94
1277,Rush Hour,0.014271152,0,25.86
1278,Rush Hour,0.018348624,0,25.92
1279,Rush Hour,0.036697248,0,26.06
1280,Rush Hour,0.036697248,0,26.06
1281,Rush Hour,0.037716616,0,26.08
1282,Rush Hour,0.032619776,0,26.08
1283,Rush Hour,0.03567788,0,26.14
1284,Rush Hour,0.03567788,0,26.14
1285,Rush Hour,0.03567788,0,26.14
1286,Rush Hour,0.041794088,0,26.22
1287,Rush Hour,0.041794088,0,26.22
1288,Rush Hour,0.041794088,0,26.22
1289,Rush Hour,0.037716616,0,26.22
1290,Rush Hour,-0.009174312,0,22.18
1291,Rush Hour,-0.011213048,0,22.14
1292,Rush Hour,-0.00509684,0,22.16
1293,Rush Hour,-0.009174312,0,22.1
1294,Rush Hour,-0.009174312,0,22.1
1295,Rush Hour,-0.006116208,0,22.1
1296,Rush Hour,-0.006116208,0,22.1
1297,Rush Hour,-0.004077472,0,22.12
1298,Rush Hour,0.008154944,0,22.2
1299,Rush Hour,0.008154944,0,22.2
1300,Rush Hour,0.049949032,0,24.48
1301,Rush Hour,0.065239551,0,24.6
1302,Rush Hour,0.065239551,0,24.6
1303,Rush Hour,0.062181448,0,24.6
1304,Rush Hour,0.062181448,0,24.6
1305,Rush Hour,0.068297655,0,24.72
1306,Rush Hour,0.060142712,0,24.72
1307,Rush Hour,0.060142712,0,24.72
1308,Rush Hour,0.069317023,0,24.86
1309,Rush Hour,0.062181448,0,24.86
1310,Rush Hour,0.070336391,0,24.98
1311,Rush Hour,0.070336391,0,24.98
1312,Rush Hour,0.062181448,0,24.98
1313,Rush Hour,0.062181448,0,24.98
1314,Rush Hour,0.049949032,0,25.08
1315,Rush Hour,0.049949032,0,25.08
1316,Rush Hour,0.051987768,0,25.08
1317,Rush Hour,0.051987768,0,25.08
1318,Rush Hour,0.069317023,0,25.24
1319,Rush Hour,0.069317023,0,25.24
1320,Rush Hour,0.065239551,0,25.24
1321,Rush Hour,0.065239551,0,25.24
1322,Rush Hour,0.069317023,0,25.34
1323,Rush Hour,0.069317023,0,25.34
1324,Rush Hour,0.06116208,0,25.34
1325,Rush Hour,0.06116208,0,25.42
1326,Rush Hour,0.051987768,0,25.42
1327,Rush Hour,0.051987768,0,25.42
1328,Rush Hour,0.063200815,0,25.58
1329,Rush Hour,0.058103976,0,25.58
1330,Rush Hour,0.039755352,0,26.28
1331,Rush Hour,0.039755352,0,26.28
1332,Rush Hour,0.044852192,0,26.34
1333,Rush Hour,0.044852192,0,26.34
1334,Rush Hour,0.053007136,0,26.42
1335,Rush Hour,0.053007136,0,26.42
1336,Rush Hour,0.03058104,0,26.32
1337,Rush Hour,0.03058104,0,26.32
1338,Rush Hour,0.026503568,0,26.38
1339,Rush Hour,0.026503568,0,26.38
1340,Rush Hour,0.031600408,0,26.44
1341,Rush Hour,0.031600408,0,26.44
1342,Rush Hour,0.037716616,0,26.5
1343,Rush Hour,0.037716616,0,26.5
1344,Rush Hour,0.027522936,0,26.46
1345,Rush Hour,0.029561672,0,26.52
1346,Rush Hour,0.03567788,0,26.58
1347,Rush Hour,0.080530071,0,29.02
1348,Rush Hour,0.087665647,0,29.3
1349,Rush Hour,0.072375127,0,29.4
1350,Rush Hour,0.072375127,0,29.5
1351,Rush Hour,0.072375127,0,29.5
1352,Rush Hour,0.072375127,0,29.72
1353,Rush Hour,0.072375127,0,29.72
1354,Rush Hour,0.081549439,0,29.84
1355,Rush Hour,0.081549439,0,29.84
1356,Rush Hour,0.088685015,0,29.94
1357,Rush Hour,0.088685015,0,29.94
1358,Rush Hour,0.073394495,0,29.9
1359,Rush Hour,0.073394495,0,29.9
1360,Rush Hour,0.072375127,0,30.02
1361,Rush Hour,0.072375127,0,30.02
1362,Rush Hour,0.076452599,0,30.12
1363,Rush Hour,0.082568807,0,30.22
1364,Rush Hour,0.082568807,0,30.22
1365,Rush Hour,0.027522936,0,24.88
1366,Rush Hour,0.027522936,0,24.88
1367,Rush Hour,0.032619776,0,24.9
1368,Rush Hour,0.032619776,0,24.9
1369,Rush Hour,0.031600408,0,24.96
1370,Rush Hour,0.031600408,0,24.96
1371,Rush Hour,0.03567788,0,24.96
1372,Rush Hour,0.03567788,0,24.96
1373,Rush Hour,0.033639144,0,25.04
1374,Rush Hour,0.033639144,0,25.04
1375,Rush Hour,0.038735984,0,25.02
1376,Rush Hour,0.038735984,0,25.02
1377,Rush Hour,0.031600408,0,25.08
1378,Rush Hour,0.031600408,0,25.08
1379,Rush Hour,0.034658512,0,25.16
1380,Rush Hour,0.034658512,0,25.16
1381,Rush Hour,0.04077472,0,25.1
1382,Rush Hour,0.04077472,0,25.1
1383,Rush Hour,0.027522936,0,25.16
1384,Rush Hour,0.027522936,0,25.16
1385,Rush Hour,0.028542304,0,25.22
1386,Rush Hour,0.028542304,0,25.22
1387,Rush Hour,0.036697248,0,25.52
1388,Rush Hour,0.029561672,0,25.76
1389,Rush Hour,0.029561672,0,25.76
1390,Rush Hour,0.034658512,0,25.82
1391,Rush Hour,0.034658512,0,25.82
1392,Rush Hour,0.031600408,0,25.9
1393,Rush Hour,0.043832824,0,26
1394,Rush Hour,0.043832824,0,26
1395,Rush Hour,0.048929664,0,26.14
1396,Rush Hour,0.048929664,0,26.14
1397,Rush Hour,0.058103976,0,26.2
1398,Rush Hour,0.058103976,0,26.2
1399,Rush Hour,0.03567788,0,26.44
1400,Rush Hour,0.03567788,0,26.44
1401,Rush Hour,0.046890928,0,26.5
1402,Rush Hour,0.036697248,0,26.54
1403,Rush Hour,0.073394495,0,30.22
1404,Rush Hour,0.078491335,0,30.42
1405,Rush Hour,0.055045872,0,30.88
1406,Rush Hour,0.055045872,0,30.94
1407,Rush Hour,0.037716616,0,30.88
1408,Rush Hour,0.03567788,0,31
1409,Rush Hour,0.032619776,0,25.56
1410,Rush Hour,0.034658512,0,25.58
1411,Rush Hour,0.033639144,0,25.64
1412,Rush Hour,0.033639144,0,25.64
1413,Rush Hour,0.036697248,0,25.58
1414,Rush Hour,0.036697248,0,25.58
1415,Rush Hour,0.023445464,0,25.64
1416,Rush Hour,0.023445464,0,25.64
1417,Rush Hour,0.024464832,0,25.66
1418,Rush Hour,0.024464832,0,25.66
1419,Rush Hour,0.024464832,0,25.72
1420,Rush Hour,0.024464832,0,25.72
1421,Rush Hour,0.029561672,0,25.78
1422,Rush Hour,0.029561672,0,25.78
1423,Rush Hour,0.034658512,0,25.8
1424,Rush Hour,0.034658512,0,25.8
1425,Rush Hour,0.03567788,0,25.86
1426,Rush Hour,0.03567788,0,25.86
1427,Rush Hour,0.03567788,0,25.86
1428,Rush Hour,0.037716616,0,25.9
1429,Rush Hour,0.037716616,0,25.9
1430,Rush Hour,0.04587156,0,25.86
1431,Rush Hour,0.04587156,0,25.86
1432,Rush Hour,0.04587156,0,25.86
1433,Rush Hour,0.022426096,0,25.96
1434,Rush Hour,0.042813456,0,26.6
1435,Rush Hour,0.042813456,0,26.6
1436,Rush Hour,0.039755352,0,26.72
1437,Rush Hour,0.044852192,0,26.78
1438,Rush Hour,0.049949032,0,26.82
1439,Rush Hour,0.04077472,0,26.88
1440,Rush Hour,0.048929664,0,27
1441,Rush Hour,0.048929664,0,27
1442,Rush Hour,0.04077472,0,27.06
1443,Rush Hour,0.04077472,0,27.06
1444,Rush Hour,0.04587156,0,27.16
1445,Rush Hour,0.039755352,0,27.22
1446,Rush Hour,0.041794088,0,27.32
1447,Rush Hour,0.041794088,0,27.32
1448,Rush Hour,0.049949032,0,26.36
1449,Rush Hour,0.041794088,0,26.34
1450,Rush Hour,0.033639144,0,26.38
1451,Rush Hour,0.032619776,0,26.44
1452,Rush Hour,0.034658512,0,26.48
1453,Rush Hour,0.034658512,0,26.48
1454,Rush Hour,0.03058104,0,26.58
1455,Rush Hour,0.03058104,0,26.58
1456,Rush Hour,0.034658512,0,26.62
1457,Rush Hour,0.026503568,0,26.6
1458,Rush Hour,0.027522936,0,26.64
1459,Rush Hour,0.03058104,0,26.7
1460,Rush Hour,0.024464832,0,26.68
1461,Rush Hour,0.024464832,0,26.68
1462,Rush Hour,0.019367992,0,26.72
1463,Non Rush Hour,0.021406728,0,26.38
1464,Non Rush Hour,0.029561672,0,26.52
1465,Non Rush Hour,0.029561672,0,26.52
1466,Non Rush Hour,0.026503568,0,26.52
1467,Non Rush Hour,0.026503568,0,26.52
1468,Non Rush Hour,0.022426096,0,26.54
1469,Non Rush Hour,0.022426096,0,26.54
1470,Non Rush Hour,0.014271152,0,26.58
1471,Non Rush Hour,0.014271152,0,26.58
1472,Non Rush Hour,0.014271152,0,26.64
1473,Non Rush Hour,0.014271152,0,26.64
1474,Non Rush Hour,0.019367992,0,26.64
1475,Non Rush Hour,0.019367992,0,26.64
1476,Non Rush Hour,0.019367992,0,26.66
1477,Non Rush Hour,0.018348624,0,26.72
1478,Non Rush Hour,0.018348624,0,26.72
1479,Non Rush Hour,0.024464832,0,26.72
1480,Non Rush Hour,0.024464832,0,26.72
1481,Non Rush Hour,0.019367992,0,26.72
1482,Non Rush Hour,0.019367992,0,26.72
1483,Non Rush Hour,0.057084608,0,33.24
1484,Non Rush Hour,0.054026504,0,33.44
1485,Non Rush Hour,0.042813456,0,33.54
1486,Non Rush Hour,0.044852192,0,33.6
1487,Non Rush Hour,0.047910296,0,33.54
1488,Non Rush Hour,-0.02038736,0,33.28
1489,Non Rush Hour,-0.03567788,0,33.26
1490,Non Rush Hour,-0.03567788,0,33.26
1491,Non Rush Hour,-0.038735984,0,33.26
1492,Non Rush Hour,-0.038735984,0,33.26
1493,Non Rush Hour,0.083588175,0.021406728,27.04
1494,Non Rush Hour,0.083588175,0.021406728,27.04
1495,Non Rush Hour,0.05606524,0.01529052,27.08
1496,Non Rush Hour,0.05606524,0.01529052,27.08
1497,Non Rush Hour,0.049949032,0.017329256,27.18
1498,Non Rush Hour,0.049949032,0.017329256,27.18
1499,Non Rush Hour,0.055045872,0.044852192,27.2
1500,Non Rush Hour,0.055045872,0.044852192,27.2
1501,Non Rush Hour,0.002038736,0.063200815,27.18
1502,Non Rush Hour,0.002038736,0.063200815,27.18
1503,Non Rush Hour,0.091743119,0.064220183,27.22
1504,Non Rush Hour,0.092762487,0.058103976,27.24
1505,Non Rush Hour,0.092762487,0.058103976,27.24
1506,Non Rush Hour,0.039755352,0.017329256,27.26
1507,Non Rush Hour,0.039755352,0.017329256,27.26
1508,Non Rush Hour,0.026503568,0.019367992,27.26
1509,Non Rush Hour,0.026503568,0.019367992,27.26
1510,Non Rush Hour,0.065239551,0.048929664,27.3
1511,Non Rush Hour,0.065239551,0.048929664,27.3
1512,Non Rush Hour,0.068297655,0.04587156,27.32
1513,Non Rush Hour,0.068297655,0.04587156,27.32
1514,Non Rush Hour,0.023445464,0.018348624,27.46
1515,Non Rush Hour,0.047910296,0.031600408,27.5
1516,Non Rush Hour,0.098878695,0.0254842,27.58
1517,Non Rush Hour,0.053007136,0.019367992,27.6
1518,Non Rush Hour,0.007135576,0.013251784,27.32
1519,Non Rush Hour,0.007135576,0.013251784,27.32
1520,Non Rush Hour,0.012232416,0,26.7
1521,Non Rush Hour,0.012232416,0,26.7
1522,Non Rush Hour,0.021406728,0,26.8
1523,Non Rush Hour,0.02038736,0,26.78
1524,Non Rush Hour,0.027522936,0,27.08
1525,Non Rush Hour,0.049949032,0,27.16
1526,Non Rush Hour,0.047910296,0,27.22
1527,Non Rush Hour,0.039755352,0,27.28
1528,Non Rush Hour,0.036697248,0,27.32
1529,Non Rush Hour,0.034658512,0,27.38
1530,Non Rush Hour,0.039755352,0,27.44
1531,Non Rush Hour,-0.033639144,0,33.3
1532,Non Rush Hour,-0.033639144,0,33.3
1533,Non Rush Hour,-0.021406728,0,33.38
1534,Non Rush Hour,-0.001019368,0,33.12
1535,Non Rush Hour,-0.032619776,0,33.16
1536,Non Rush Hour,-0.034658512,0,33.18
1537,Non Rush Hour,-0.0254842,0,33.22
1538,Non Rush Hour,-0.012232416,0,33.2
1539,Non Rush Hour,-0.009174312,0,33.24
1540,Non Rush Hour,-0.001019368,0,33.26
1541,Non Rush Hour,-0.021406728,0,33.38
1542,Non Rush Hour,0.006116208,0,33.3
1543,Non Rush Hour,-0.034658512,0,33.18
1544,Non Rush Hour,-0.032619776,0,33.16
1545,Non Rush Hour,-0.001019368,0,33.12
1546,Non Rush Hour,-0.009174312,0,33.24
1547,Non Rush Hour,0.01019368,0,33.28
1548,Non Rush Hour,0.006116208,0,33.3
1549,Non Rush Hour,0.013251784,0,33.3
1550,Non Rush Hour,0.018348624,0,33.34
1551,Non Rush Hour,0.012232416,0,33.36
1552,Non Rush Hour,0.01019368,0,33.4
1553,Non Rush Hour,0.014271152,0,33.42
1554,Non Rush Hour,0.018348624,0,33.4
1555,Non Rush Hour,0.011213048,0,33.42
1556,Non Rush Hour,0.017329256,0,33.46
1557,Non Rush Hour,0.02038736,0,33.44
1558,Non Rush Hour,0.01019368,0,33.48
1559,Non Rush Hour,0.01529052,0,33.56
1560,Non Rush Hour,0.017329256,0,25.14
1561,Non Rush Hour,0.017329256,0,25.14
1562,Non Rush Hour,0.022426096,0,25.2
1563,Non Rush Hour,0.022426096,0,25.2
1564,Non Rush Hour,0.027522936,0,25.24
1565,Non Rush Hour,0.027522936,0,25.24
1566,Non Rush Hour,0.033639144,0,25.3
1567,Non Rush Hour,0.019367992,0,25.22
1568,Non Rush Hour,0.011213048,0,25.38
1569,Non Rush Hour,0.037716616,0,27.48
1570,Non Rush Hour,0.033639144,0,27.54
1571,Non Rush Hour,0.033639144,0,27.54
1572,Non Rush Hour,0.036697248,0,27.54
1573,Non Rush Hour,0.03058104,0,27.64
1574,Non Rush Hour,0.026503568,0,27.72
1575,Non Rush Hour,0.022426096,0,27.8
1576,Non Rush Hour,0.029561672,0,27.8
1577,Non Rush Hour,0.036697248,0,27.9
1578,Non Rush Hour,0.03567788,0,27.92
1579,Non Rush Hour,0.031600408,0,27.92
1580,Non Rush Hour,0.031600408,0,27.92
1581,Non Rush Hour,0.071355759,0,28.08
1582,Non Rush Hour,0.071355759,0,28.08
1583,Non Rush Hour,0.072375127,0,28.08
1584,Non Rush Hour,0.072375127,0,28.08
1585,Non Rush Hour,0.073394495,0,28.16
1586,Non Rush Hour,0.063200815,0,28.16
1587,Non Rush Hour,0.049949032,0,28.28
1588,Non Rush Hour,0.054026504,0,28.3
1589,Non Rush Hour,0.044852192,0,28.3
1590,Non Rush Hour,0.057084608,0,28.46
1591,Non Rush Hour,0.057084608,0,28.46
1592,Non Rush Hour,0.041794088,0,28.6
1593,Non Rush Hour,0.041794088,0,28.6
1594,Non Rush Hour,0.042813456,0,28.68
1595,Non Rush Hour,0.042813456,0,28.68
1596,Non Rush Hour,0.036697248,0,28.68
1597,Non Rush Hour,0.036697248,0,28.68
1598,Non Rush Hour,0.159021407,0,15.32
1599,Non Rush Hour,0.143730887,0,15.38
1600,Non Rush Hour,0.123343527,0,15.42
1601,Non Rush Hour,0.103975535,0,15.46
1602,Non Rush Hour,0.133537207,0,15.8
1603,Non Rush Hour,0.128440367,0,15.84
1604,Non Rush Hour,0.085626911,0,15.48
1605,Non Rush Hour,-0.023445464,0,15.46
1606,Non Rush Hour,-0.084607543,0,15.06
1607,Non Rush Hour,-0.089704383,0,15.02
1608,Non Rush Hour,0.029561672,0,27.98
1609,Non Rush Hour,0.027522936,0,27.98
1610,Non Rush Hour,0.03058104,0,28.04
1611,Non Rush Hour,0.027522936,0,28.04
1612,Non Rush Hour,0.027522936,0,28.04
1613,Non Rush Hour,0.031600408,0,28.12
1614,Non Rush Hour,0.031600408,0,28.12
1615,Non Rush Hour,0.028542304,0,28.12
1616,Non Rush Hour,0.023445464,0,28.12
1617,Non Rush Hour,0.021406728,0,28.14
1618,Non Rush Hour,0.021406728,0,28.14
1619,Non Rush Hour,0.02038736,0,28.16
1620,Non Rush Hour,0.02038736,0,28.16
1621,Non Rush Hour,0.017329256,0,28.16
1622,Non Rush Hour,0.022426096,0,28.22
1623,Non Rush Hour,0.021406728,0,28.22
1624,Non Rush Hour,0.0254842,0,28.28
1625,Non Rush Hour,0.0254842,0,28.28
1626,Non Rush Hour,0.023445464,0,28.28
1627,Non Rush Hour,0.0254842,0,28.32
1628,Non Rush Hour,0.0254842,0,28.32
1629,Non Rush Hour,0.037716616,0,28.72
1630,Non Rush Hour,0.028542304,0,28.74
1631,Non Rush Hour,0.028542304,0,28.74
1632,Non Rush Hour,0.022426096,0,28.72
1633,Non Rush Hour,0.013251784,0,28.72
1634,Non Rush Hour,0.007135576,0,28.74
1635,Non Rush Hour,-0.001019368,0,28.7
1636,Non Rush Hour,-0.001019368,0,28.62
1637,Non Rush Hour,-0.014271152,0,28.62
1638,Non Rush Hour,-0.008154944,0,28.64
1639,Non Rush Hour,-0.00509684,0,28.64
1640,Non Rush Hour,0.024464832,0,28.4
1641,Non Rush Hour,0.024464832,0,28.4
1642,Non Rush Hour,0.022426096,0,28.4
1643,Non Rush Hour,0.018348624,0,28.5
1644,Non Rush Hour,0.031600408,0,28.5
1645,Non Rush Hour,0.031600408,0,28.5
1646,Non Rush Hour,0.02038736,0,28.56
1647,Non Rush Hour,0.022426096,0,28.56
1648,Non Rush Hour,0.019367992,0,28.64
1649,Non Rush Hour,0.029561672,0,28.64
1650,Non Rush Hour,0.028542304,0,28.7
1651,Non Rush Hour,0.033639144,0,28.7
1652,Non Rush Hour,0.03058104,0,28.66
1653,Non Rush Hour,0.017329256,0,28.66
1654,Non Rush Hour,0.009174312,0,28.68
1655,Non Rush Hour,-0.001019368,0,28.64
1656,Non Rush Hour,-0.001019368,0,28.64
1657,Non Rush Hour,-0.001019368,0,28.64
1658,Non Rush Hour,-0.001019368,0,28.64
1659,Non Rush Hour,-0.001019368,0,28.64
1660,Non Rush Hour,0.006116208,0,28.68
1661,Non Rush Hour,0.002038736,0,28.68
1662,Non Rush Hour,0.008154944,0,28.72
1663,Non Rush Hour,0.013251784,0,28.76
1664,Non Rush Hour,0.02038736,0,28.82
1665,Rush Hour,0.018348624,0,13.82
1666,Rush Hour,0.064220183,0,13.82
1667,Rush Hour,0.046890928,0,13.84
1668,Rush Hour,0.036697248,0,13.84
1669,Rush Hour,0.02038736,0,13.96
1670,Rush Hour,0.033639144,0,13.98
1671,Rush Hour,0.059123344,0,26.76
1672,Rush Hour,0.051987768,0,26.76
1673,Rush Hour,0.051987768,0,26.76
1674,Rush Hour,0.041794088,0,26.76
1675,Rush Hour,0.05606524,0,26.92
1676,Rush Hour,0.055045872,0,27.02
1677,Rush Hour,0.0509684,0,27.16
1678,Rush Hour,0.066258919,0,27.52
1679,Rush Hour,0.060142712,0,27.58
1680,Rush Hour,0.057084608,0,27.7
1681,Non Rush Hour,0.03058104,0,25.58
1682,Non Rush Hour,0.01529052,0,25.66
1683,Non Rush Hour,0.03567788,0,25.78
1684,Non Rush Hour,0.03567788,0,25.78
1685,Non Rush Hour,0.021406728,0,25.76
1686,Non Rush Hour,0.027522936,0,25.82
1687,Non Rush Hour,0.012232416,0,25.76
1688,Non Rush Hour,0.012232416,0,25.82
1689,Non Rush Hour,0.018348624,0,25.88
1690,Non Rush Hour,0.028542304,0,25.94
1691,Non Rush Hour,0.028542304,0,25.94
1692,Non Rush Hour,0.038735984,0,26.02
1693,Non Rush Hour,0.038735984,0,26.02
1694,Non Rush Hour,0.047910296,0,26.1
1695,Non Rush Hour,0.019367992,0,25.94
1696,Non Rush Hour,0.019367992,0,25.94
1697,Non Rush Hour,0.017329256,0,26
1698,Non Rush Hour,0.017329256,0,26
1699,Non Rush Hour,0.031600408,0,27.56
1700,Non Rush Hour,0.033639144,0,27.62
1701,Non Rush Hour,0.033639144,0,27.62
1702,Non Rush Hour,0.033639144,0,27.62
1703,Non Rush Hour,0.013251784,0,27.6
1704,Non Rush Hour,0.019367992,0,27.6
1705,Non Rush Hour,0.013251784,0,27.6
1706,Non Rush Hour,0.0254842,0,27.74
1707,Non Rush Hour,0.022426096,0,27.74
1708,Non Rush Hour,0.0254842,0,27.74
1709,Non Rush Hour,0.03058104,0,27.84
1710,Non Rush Hour,0.022426096,0,27.74
1711,Non Rush Hour,0.03058104,0,27.84
1712,Non Rush Hour,0.03058104,0,27.84
1713,Non Rush Hour,0.026503568,0,27.84
1714,Non Rush Hour,0.022426096,0,27.86
1715,Non Rush Hour,0.026503568,0,27.84
1716,Non Rush Hour,0.031600408,0,27.96
1717,Non Rush Hour,0.022426096,0,27.86
1718,Non Rush Hour,0.031600408,0,27.96
1719,Non Rush Hour,-0.00509684,0,28.88
1720,Non Rush Hour,-0.009174312,0,28.9
1721,Non Rush Hour,-0.009174312,0,28.9
1722,Non Rush Hour,-0.007135576,0,28.74
1723,Non Rush Hour,-0.023445464,0,28.78
1724,Non Rush Hour,-0.032619776,0,28.78
1725,Non Rush Hour,-0.01019368,0,28.78
1726,Non Rush Hour,-0.023445464,0,28.78
1727,Non Rush Hour,-0.006116208,0,28.78
1728,Non Rush Hour,-0.01019368,0,28.78
1729,Non Rush Hour,-0.006116208,0,28.78
1730,Non Rush Hour,0.006116208,0,28.82
1731,Non Rush Hour,0.012232416,0,28.88
1732,Non Rush Hour,0.006116208,0,28.82
1733,Non Rush Hour,0.019367992,0,28.92
1734,Non Rush Hour,0.0254842,0,28.96
1735,Non Rush Hour,0.019367992,0,28.92
1736,Non Rush Hour,0.01019368,0,28.86
1737,Non Rush Hour,0.009174312,0,28.92
1738,Non Rush Hour,0.01019368,0,28.86
1739,Non Rush Hour,0.013251784,0,28.94
1740,Non Rush Hour,0.009174312,0,28.92
1741,Non Rush Hour,0.013251784,0,28.94
1742,Non Rush Hour,0.008154944,0,23.58
1743,Non Rush Hour,0.008154944,0,23.62
1744,Non Rush Hour,0.008154944,0,23.58
1745,Non Rush Hour,0.01529052,0,23.6
1746,Non Rush Hour,0.008154944,0,23.62
1747,Non Rush Hour,0.012232416,0,23.66
1748,Non Rush Hour,0.01529052,0,23.6
1749,Non Rush Hour,0.01529052,0,23.64
1750,Non Rush Hour,0.012232416,0,23.66
1751,Non Rush Hour,0.018348624,0,23.68
1752,Non Rush Hour,0.01529052,0,23.64
1753,Non Rush Hour,0.018348624,0,23.68
1754,Non Rush Hour,0.02038736,0,23.72
1755,Non Rush Hour,0.019367992,0,23.76
1756,Non Rush Hour,0.018348624,0,23.84
1757,Non Rush Hour,0.02038736,0,23.84
1758,Non Rush Hour,0.021406728,0,23.88
1759,Non Rush Hour,0.021406728,0,23.88
1760,Non Rush Hour,0.023445464,0,24
1761,Non Rush Hour,0.019367992,0,23.94
1762,Non Rush Hour,0.023445464,0,24
1763,Non Rush Hour,0.02038736,0,24
1764,Non Rush Hour,0.029561672,0,23.94
1765,Non Rush Hour,0.02038736,0,24
1766,Non Rush Hour,-0.026503568,0,25.28
1767,Non Rush Hour,-0.032619776,0,25.16
1768,Non Rush Hour,-0.032619776,0,25.16
1769,Non Rush Hour,-0.032619776,0,25.16
1770,Non Rush Hour,-0.037716616,0,25.02
1771,Non Rush Hour,-0.037716616,0,25.02
1772,Non Rush Hour,-0.037716616,0,25.02
1773,Non Rush Hour,-0.037716616,0,25.02
1774,Non Rush Hour,-0.011213048,0,24.98
1775,Non Rush Hour,-0.027522936,0,24.98
1776,Non Rush Hour,-0.011213048,0,24.98
1777,Non Rush Hour,-0.01529052,0,24.92
1778,Non Rush Hour,-0.022426096,0,24.88
1779,Non Rush Hour,-0.008154944,0,24.92
1780,Non Rush Hour,-0.008154944,0,24.92
1781,Non Rush Hour,0.023445464,0,26.08
1782,Non Rush Hour,0.023445464,0,26.08
1783,Non Rush Hour,0.022426096,0,26.08
1784,Non Rush Hour,0.024464832,0,26.1
1785,Non Rush Hour,0.031600408,0,26.18
1786,Non Rush Hour,0.031600408,0,26.18
1787,Non Rush Hour,0.037716616,0,26.26
1788,Non Rush Hour,0.037716616,0,26.26
1789,Non Rush Hour,0.024464832,0,26.2
1790,Non Rush Hour,0.01529052,0,26.2
1791,Non Rush Hour,0.017329256,0,26.26
1792,Non Rush Hour,0.017329256,0,26.26
1793,Non Rush Hour,0.024464832,0,26.32
1794,Non Rush Hour,0.024464832,0,26.32
1795,Non Rush Hour,0.0254842,0,26.32
1796,Non Rush Hour,0.038735984,0,26.46
1797,Non Rush Hour,0.031600408,0,26.4
1798,Non Rush Hour,0.03058104,0,26.46
1799,Non Rush Hour,0.031600408,0,27.96
1800,Non Rush Hour,0.03567788,0,28.2
1801,Non Rush Hour,0.023445464,0,28.3
1802,Non Rush Hour,0.034658512,0,28.32
1803,Non Rush Hour,0.023445464,0,28.3
1804,Non Rush Hour,0.034658512,0,28.32
1805,Non Rush Hour,0.009174312,0,28.94
1806,Non Rush Hour,0.0254842,0,29
1807,Non Rush Hour,0.01529052,0,29.1
1808,Non Rush Hour,0.02038736,0,29.14
1809,Non Rush Hour,0.024464832,0,29.12
1810,Non Rush Hour,0.018348624,0,29.18
1811,Non Rush Hour,0.02038736,0,29.22
1812,Non Rush Hour,0.024464832,0,29.18
1813,Non Rush Hour,0.01529052,0,29.26
1814,Non Rush Hour,0.021406728,0,24
1815,Non Rush Hour,0.029561672,0,24.06
1816,Non Rush Hour,0.021406728,0,24
1817,Non Rush Hour,0.036697248,0,24.12
1818,Non Rush Hour,0.029561672,0,24.06
1819,Non Rush Hour,0.033639144,0,24.18
1820,Non Rush Hour,0.036697248,0,24.12
1821,Non Rush Hour,0.034658512,0,24.14
1822,Non Rush Hour,0.0254842,0,24.14
1823,Non Rush Hour,0.034658512,0,24.14
1824,Non Rush Hour,0.026503568,0,24.2
1825,Non Rush Hour,0.0254842,0,24.14
1826,Non Rush Hour,0.034658512,0,24.28
1827,Non Rush Hour,0.026503568,0,24.2
1828,Non Rush Hour,0.039755352,0,24.32
1829,Non Rush Hour,0.034658512,0,24.28
1830,Non Rush Hour,0.036697248,0,24.32
1831,Non Rush Hour,0.039755352,0,24.32
1832,Non Rush Hour,0.036697248,0,24.38
1833,Non Rush Hour,0.036697248,0,24.38
1834,Non Rush Hour,0.033639144,0,24.4
1835,Non Rush Hour,0.03567788,0,24.54
1836,Non Rush Hour,0.03567788,0,24.54
1837,Non Rush Hour,0.022426096,0,24.7
1838,Non Rush Hour,-0.00509684,0,24.9
1839,Non Rush Hour,-0.00509684,0,24.9
1840,Non Rush Hour,-0.014271152,0,24.82
1841,Non Rush Hour,-0.014271152,0,24.82
1842,Non Rush Hour,-0.006116208,0,24.76
1843,Non Rush Hour,-0.017329256,0,24.76
1844,Non Rush Hour,-0.017329256,0,24.76
1845,Non Rush Hour,-0.028542304,0,24.64
1846,Non Rush Hour,-0.016309888,0,24.76
1847,Non Rush Hour,-0.028542304,0,24.64
1848,Non Rush Hour,-0.031600408,0,24.62
1849,Non Rush Hour,-0.036697248,0,24.5
1850,Non Rush Hour,-0.029561672,0,24.6
1851,Non Rush Hour,-0.036697248,0,24.5
1852,Non Rush Hour,0.023445464,0,26.6
1853,Non Rush Hour,0.023445464,0,26.6
1854,Non Rush Hour,0.027522936,0,26.72
1855,Non Rush Hour,0.034658512,0,26.66
1856,Non Rush Hour,0.022426096,0,26.72
1857,Non Rush Hour,0.029561672,0,26.78
1858,Non Rush Hour,0.03567788,0,26.84
1859,Non Rush Hour,0.022426096,0,26.76
1860,Non Rush Hour,0.021406728,0,26.82
1861,Non Rush Hour,0.03058104,0,24.74
1862,Non Rush Hour,0.036697248,0,24.8
1863,Non Rush Hour,0.026503568,0,24.74
1864,Non Rush Hour,0.0254842,0,24.8
1865,Non Rush Hour,0.034658512,0,24.9
1866,Non Rush Hour,0.03058104,0,24.94
1867,Non Rush Hour,0.03058104,0,24.9
1868,Non Rush Hour,0.03058104,0,24.94
1869,Non Rush Hour,0.03058104,0,25
1870,Non Rush Hour,0.028542304,0,24.96
1871,Non Rush Hour,0.034658512,0,25.06
1872,Non Rush Hour,0.03058104,0,25
1873,Non Rush Hour,0.034658512,0,25.06
